match_id,date,tournament,surface,round,playerA,playerB,oddsA,oddsB,playerA_raw,playerB_raw,tournament_raw,playerA_logo_url,playerB_logo_url,n_books
12128223,2026-05-18,Bengaluru 3 (India),Hard,Bengaluru 3 - 1/8-finals,Gray/ Stewart,Hernandez/ Kumasaka,,,Gray/ Stewart,Hernandez/ Kumasaka,Bengaluru 3 (India),,,
12128205,2026-05-18,Bengaluru 3 (India) - Qualification,Hard,Bengaluru 3 - Final,A. Kshitij,N. K. Sinha,,,A. Kshitij,N. K. Sinha,Bengaluru 3 (India) - Qualification,,https://api.api-tennis.com/logo-tennis/18088_n-k-sinha.jpg,
12128206,2026-05-18,Bengaluru 3 (India) - Qualification,Hard,Bengaluru 3 - Final,A. Vales,N. Honda,1.9,1.79,A. Vales,N. Honda,Bengaluru 3 (India) - Qualification,https://api.api-tennis.com/logo-tennis/35790_a-vales.jpg,https://api.api-tennis.com/logo-tennis/39537_n-honda.jpg,9
12128164,2026-05-18,Bengaluru 3 (India) - Qualification,Hard,Bengaluru 3 - 1/16-finals,D. Palan,K. Isomura,1.85,1.83,D. Palan,K. Isomura,Bengaluru 3 (India) - Qualification,https://api.api-tennis.com/logo-tennis/741_d-palan.jpg,https://api.api-tennis.com/logo-tennis/9226_k-isomura.jpg,10
12128165,2026-05-18,Bengaluru 3 (India) - Qualification,Hard,Bengaluru 3 - 1/16-finals,D. Singh,L. Vithoontien,1.58,2.21,D. Singh,L. Vithoontien,Bengaluru 3 (India) - Qualification,https://api.api-tennis.com/logo-tennis/7098_d-singh.jpg,https://api.api-tennis.com/logo-tennis/38128_l-vithoontien.jpg,10
12128204,2026-05-18,Bengaluru 3 (India) - Qualification,Hard,Bengaluru 3 - Final,J. Charlton,C. Papa,1.39,2.76,J. Charlton,C. Papa,Bengaluru 3 (India) - Qualification,https://api.api-tennis.com/logo-tennis/10215_j-charlton.jpg,,9
12128166,2026-05-18,Bengaluru 3 (India) - Qualification,Hard,Bengaluru 3 - 1/16-finals,K. Singh,W. K. Leong M.,1.91,1.8,K. Singh,W. K. Leong M.,Bengaluru 3 (India) - Qualification,https://api.api-tennis.com/logo-tennis/8537_k-singh.jpg,,9
12128161,2026-05-18,Bengaluru 3 (India) - Qualification,Hard,Bengaluru 3 - 1/16-finals,M. Jones,M. Sasikumar,,,M. Jones,M. Sasikumar,Bengaluru 3 (India) - Qualification,https://api.api-tennis.com/logo-tennis/680_m-jones.jpg,https://api.api-tennis.com/logo-tennis/1200_s-k-mukund.jpg,
12128163,2026-05-18,Bengaluru 3 (India) - Qualification,Hard,Bengaluru 3 - 1/16-finals,R. Matsuda,Y. Takahashi,3.4050000000000002,1.2850000000000001,R. Matsuda,Y. Takahashi,Bengaluru 3 (India) - Qualification,https://api.api-tennis.com/logo-tennis/793_r-matsuda.jpg,https://api.api-tennis.com/logo-tennis/2508_y-takahashi.jpg,10
12128260,2026-05-18,Bengaluru 3 (India) - Qualification,Hard,Bengaluru 3 - Final,R. Taguchi,G. Lomakin,1.22,3.825,R. Taguchi,G. Lomakin,Bengaluru 3 (India) - Qualification,https://api.api-tennis.com/logo-tennis/38831_r-tagushi.jpg,https://api.api-tennis.com/logo-tennis/1869_g-lomakin.jpg,8
12128261,2026-05-18,Bengaluru 3 (India) - Qualification,Hard,Bengaluru 3 - Final,T. Chanta,D. Javia,1.71,2.0,T. Chanta,D. Javia,Bengaluru 3 (India) - Qualification,https://api.api-tennis.com/logo-tennis/10126_t-chanta.jpg,https://api.api-tennis.com/logo-tennis/939_d-javia.jpg,9
12128259,2026-05-18,Bengaluru 3 (India) - Qualification,Hard,Bengaluru 3 - Final,T. Yamanaka,R. Karki,1.76,1.93,T. Yamanaka,R. Karki,Bengaluru 3 (India) - Qualification,https://api.api-tennis.com/logo-tennis/13371_t-yamanaka.jpg,,9
12128171,2026-05-18,Cervia (Italy) - Qualification,Hard,Cervia - 1/16-finals,B. Gadamauri,C. Cretu,1.93,1.7650000000000001,B. Gadamauri,C. Cretu,Cervia (Italy) - Qualification,https://api.api-tennis.com/logo-tennis/12832_b-gadamauri.jpg,https://api.api-tennis.com/logo-tennis/972_c-cretu.jpg,10
12128264,2026-05-18,Cervia (Italy) - Qualification,Hard,Cervia - Final,E. Dalla Valle,L. Potenza,1.18,4.215,E. Dalla Valle,L. Potenza,Cervia (Italy) - Qualification,https://api.api-tennis.com/logo-tennis/5675_e-dalla-valle.jpg,https://api.api-tennis.com/logo-tennis/2235_l-potenza.jpg,8
12128207,2026-05-18,Cervia (Italy) - Qualification,Hard,Cervia - Final,F. Arnaboldi,G. Tabacco,1.34,2.94,F. Arnaboldi,G. Tabacco,Cervia (Italy) - Qualification,https://api.api-tennis.com/logo-tennis/1240_f-arnaboldi.jpg,https://api.api-tennis.com/logo-tennis/14127_g-tabacco.jpg,9
12128263,2026-05-18,Cervia (Italy) - Qualification,Hard,Cervia - Final,F. Forti,L. Carboni,1.62,2.18,F. Forti,L. Carboni,Cervia (Italy) - Qualification,https://api.api-tennis.com/logo-tennis/1191_f-forti.jpg,https://api.api-tennis.com/logo-tennis/49616_l-carboni.jpg,9
12128169,2026-05-18,Cervia (Italy) - Qualification,Hard,Cervia - 1/16-finals,G. A. Boitan,S. Rodriguez Taverna,,,G. A. Boitan,S. Rodriguez Taverna,Cervia (Italy) - Qualification,https://api.api-tennis.com/logo-tennis/9132_g-a-boitan.jpg,https://api.api-tennis.com/logo-tennis/361_s-rodriguez-taverna.jpg,
12128262,2026-05-18,Cervia (Italy) - Qualification,Hard,Cervia - Final,G. Oradini,M. Mazza,2.58,1.44,G. Oradini,M. Mazza,Cervia (Italy) - Qualification,https://api.api-tennis.com/logo-tennis/862_g-oradini.jpg,https://api.api-tennis.com/logo-tennis/695_m-mazza.jpg,9
12128170,2026-05-18,Cervia (Italy) - Qualification,Hard,Cervia - 1/16-finals,M. Dhamne,M. Krueger,2.25,1.57,M. Dhamne,M. Krueger,Cervia (Italy) - Qualification,https://api.api-tennis.com/logo-tennis/54470_m-dhamne.jpg,https://api.api-tennis.com/logo-tennis/1751_m-krueger.jpg,7
12128208,2026-05-18,Cervia (Italy) - Qualification,Hard,Cervia - Final,P. Nesterov,F. Iannaccone,1.64,2.1,P. Nesterov,F. Iannaccone,Cervia (Italy) - Qualification,https://api.api-tennis.com/logo-tennis/9220_p-nesterov.jpg,https://api.api-tennis.com/logo-tennis/5673_f-iannaccone.jpg,9
12128174,2026-05-18,Cervia (Italy) - Qualification,Hard,Cervia - 1/16-finals,S. Kopp,M. Alcala Gurri,2.3,1.55,S. Kopp,M. Alcala Gurri,Cervia (Italy) - Qualification,https://api.api-tennis.com/logo-tennis/848_s-kopp.jpg,https://api.api-tennis.com/logo-tennis/678_m-alcala-gurri.jpg,10
12128265,2026-05-18,Cervia (Italy) - Qualification,Hard,Cervia - Final,T. Compagnucci,D. Bagnolini,1.14,5.0,T. Compagnucci,D. Bagnolini,Cervia (Italy) - Qualification,https://api.api-tennis.com/logo-tennis/851_t-compagnucci.jpg,https://api.api-tennis.com/logo-tennis/858_d-bagnolini.jpg,9
12128289,2026-05-18,French Open,Clay,ATP French Open - Quarter-finals,A. Barrena,A. Galarneau,1.55,2.36,A. Barrena,A. Galarneau,French Open,https://api.api-tennis.com/logo-tennis/1324_a-barrena.jpg,https://api.api-tennis.com/logo-tennis/557_a-galarneau.jpg,9
12128316,2026-05-18,French Open,Clay,WTA French Open - Quarter-finals,A. Falei,L. Pigato,3.2,1.32,A. Falei,L. Pigato,French Open,https://api.api-tennis.com/logo-tennis/9265_a-falei.jpg,https://api.api-tennis.com/logo-tennis/230_l-pigato.jpg,9
12128271,2026-05-18,French Open,Clay,ATP French Open - Quarter-finals,A. Ghibaudo,M. Zheng,2.42,1.52,A. Ghibaudo,M. Zheng,French Open,https://api.api-tennis.com/logo-tennis/9234_a-ghibaudo.jpg,https://api.api-tennis.com/logo-tennis/9515_m-zheng.jpg,9
12128325,2026-05-18,French Open,Clay,WTA French Open - Quarter-finals,A. Korneeva,N. Hibino,1.15,5.05,A. Korneeva,N. Hibino,French Open,https://api.api-tennis.com/logo-tennis/14547_a-korneeva.jpg,https://api.api-tennis.com/logo-tennis/465_n-hibino.jpg,9
12128293,2026-05-18,French Open,Clay,ATP French Open - Quarter-finals,A. Moro Canas,S. Napolitano,1.78,1.98,A. Moro Canas,S. Napolitano,French Open,https://api.api-tennis.com/logo-tennis/1331_a-moro-canas.jpg,https://api.api-tennis.com/logo-tennis/3915_s-napolitano.jpg,7
12128273,2026-05-18,French Open,Clay,ATP French Open - Quarter-finals,A. Pellegrino,N. Moreno De Alboran,1.18,4.45,A. Pellegrino,N. Moreno De Alboran,French Open,https://api.api-tennis.com/logo-tennis/2001_a-pellegrino.jpg,https://api.api-tennis.com/logo-tennis/1179_n-moreno-de-alboran.jpg,9
12128326,2026-05-18,French Open,Clay,WTA French Open - Quarter-finals,A. Rus,J. Ortenzi,2.2,1.63,A. Rus,J. Ortenzi,French Open,https://api.api-tennis.com/logo-tennis/508_a-rus.jpg,https://api.api-tennis.com/logo-tennis/224_j-ortenzi.jpg,9
12128320,2026-05-18,French Open,Clay,WTA French Open - Quarter-finals,A. S. Sanchez,L. Romero Gormaz,,,A. S. Sanchez,L. Romero Gormaz,French Open,https://api.api-tennis.com/logo-tennis/123_a-s-sanchez.jpg,https://api.api-tennis.com/logo-tennis/141_l-romero-gormaz.jpg,
12128332,2026-05-18,French Open,Clay,WTA French Open - Quarter-finals,A. Sasnovich,W. Osuigwe,1.3,3.25,A. Sasnovich,W. Osuigwe,French Open,https://api.api-tennis.com/logo-tennis/527_a-sasnovich.jpg,https://api.api-tennis.com/logo-tennis/1431_w-osuigwe.jpg,9
12128296,2026-05-18,French Open,Clay,ATP French Open - Quarter-finals,B. Tomic,M. Echargui,2.26,1.6,B. Tomic,M. Echargui,French Open,https://api.api-tennis.com/logo-tennis/3145_b-tomic.jpg,https://api.api-tennis.com/logo-tennis/1207_m-echargui.jpg,7
12128297,2026-05-18,French Open,Clay,ATP French Open - Quarter-finals,C. Broom,U. Blanchet,3.26,1.3,C. Broom,U. Blanchet,French Open,https://api.api-tennis.com/logo-tennis/745_c-broom.jpg,https://api.api-tennis.com/logo-tennis/1903_u-blanchet.jpg,9
12128278,2026-05-18,French Open,Clay,ATP French Open - Quarter-finals,D. Evans,D. Jade,2.25,1.58,D. Evans,D. Jade,French Open,https://api.api-tennis.com/logo-tennis/2835_d-evans.jpg,https://api.api-tennis.com/logo-tennis/63427_d-jade.jpg,8
12128288,2026-05-18,French Open,Clay,ATP French Open - Quarter-finals,D. Goffin,C. H. Tseng,2.75,1.4,D. Goffin,C. H. Tseng,French Open,https://api.api-tennis.com/logo-tennis/2385_d-goffin.jpg,https://api.api-tennis.com/logo-tennis/389_c-h-tseng.jpg,9
12128331,2026-05-18,French Open,Clay,WTA French Open - Quarter-finals,D. Salkova,V. Podrez,1.9,1.85,D. Salkova,V. Podrez,French Open,https://api.api-tennis.com/logo-tennis/179_d-salkova.jpg,https://api.api-tennis.com/logo-tennis/40100_v-podrez.jpg,9
12128287,2026-05-18,French Open,Clay,ATP French Open - Quarter-finals,D. Svrcina,G. Den Ouden,1.3250000000000002,3.2,D. Svrcina,G. Den Ouden,French Open,https://api.api-tennis.com/logo-tennis/1754_d-svrcina.jpg,https://api.api-tennis.com/logo-tennis/1935_g-den-ouden.jpg,8
12128310,2026-05-18,French Open,Clay,WTA French Open - Quarter-finals,E. Gorgodze,T. Zidansek,4.52,1.18,E. Gorgodze,T. Zidansek,French Open,https://api.api-tennis.com/logo-tennis/491_e-gorgodze.jpg,https://api.api-tennis.com/logo-tennis/2803_t-zidansek.jpg,8
12128305,2026-05-18,French Open,Clay,WTA French Open - Quarter-finals,E. Inisan,J. Avdeeva,3.42,1.29,E. Inisan,J. Avdeeva,French Open,https://api.api-tennis.com/logo-tennis/40528_e-inisan.jpg,https://api.api-tennis.com/logo-tennis/14150_j-avdeeva.jpg,9
12128313,2026-05-18,French Open,Clay,WTA French Open - Quarter-finals,E. Yaneva,I. Begu,1.93,1.83,E. Yaneva,I. Begu,French Open,https://api.api-tennis.com/logo-tennis/58227_e-yaneva.jpg,https://api.api-tennis.com/logo-tennis/2828_i-begu.jpg,9
12128292,2026-05-18,French Open,Clay,ATP French Open - Quarter-finals,F. Cina,Y. Watanuki,1.16,4.8,F. Cina,Y. Watanuki,French Open,https://api.api-tennis.com/logo-tennis/38264_f-cina.jpg,https://api.api-tennis.com/logo-tennis/1097_y-watanuki.jpg,9
12128277,2026-05-18,French Open,Clay,ATP French Open - Quarter-finals,F. Diaz Acosta,C. O'Connell,1.27,3.5,F. Diaz Acosta,C. O'Connell,French Open,https://api.api-tennis.com/logo-tennis/2002_f-diaz-acosta.jpg,https://api.api-tennis.com/logo-tennis/421_c-oaposconnell.jpg,9
12128285,2026-05-18,French Open,Clay,ATP French Open - Quarter-finals,F. Ferreira Silva,F. A. Gomez,1.665,2.1550000000000002,F. Ferreira Silva,F. A. Gomez,French Open,https://api.api-tennis.com/logo-tennis/585_f-ferreira-silva.jpg,https://api.api-tennis.com/logo-tennis/717_f-a-gomez.jpg,8
12128280,2026-05-18,French Open,Clay,ATP French Open - Quarter-finals,G. A. Olivieri,T. Faurel,1.59,2.26,G. A. Olivieri,T. Faurel,French Open,https://api.api-tennis.com/logo-tennis/2407_g-a-olivieri.jpg,https://api.api-tennis.com/logo-tennis/65519_t-faurel.jpg,9
12128291,2026-05-18,French Open,Clay,ATP French Open - Quarter-finals,G. Bueno,F. Bax,1.59,2.26,G. Bueno,F. Bax,French Open,https://api.api-tennis.com/logo-tennis/9209_g-bueno.jpg,https://api.api-tennis.com/logo-tennis/2105_f-bax.jpg,9
12128317,2026-05-18,French Open,Clay,WTA French Open - Quarter-finals,G. Knutson,M. Trevisan,2.81,1.4,G. Knutson,M. Trevisan,French Open,https://api.api-tennis.com/logo-tennis/24736_g-knutson.jpg,https://api.api-tennis.com/logo-tennis/512_m-trevisan.jpg,9
12128318,2026-05-18,French Open,Clay,WTA French Open - Quarter-finals,G. Minnen,A. Gasanova,1.71,2.1,G. Minnen,A. Gasanova,French Open,https://api.api-tennis.com/logo-tennis/2191_g-minnen.jpg,https://api.api-tennis.com/logo-tennis/468_a-gasanova.jpg,9
12128272,2026-05-18,French Open,Clay,ATP French Open - Quarter-finals,H. Grenier,L. Harris,3.33,1.3,H. Grenier,L. Harris,French Open,https://api.api-tennis.com/logo-tennis/1073_h-grenier.jpg,https://api.api-tennis.com/logo-tennis/2834_l-harris.jpg,8
12128274,2026-05-18,French Open,Clay,ATP French Open - Quarter-finals,I. Simakin,L. Draxl,3.15,1.33,I. Simakin,L. Draxl,French Open,https://api.api-tennis.com/logo-tennis/1238_i-simakin.jpg,https://api.api-tennis.com/logo-tennis/3696_l-draxl.jpg,9
12128286,2026-05-18,French Open,Clay,ATP French Open - Quarter-finals,J. C. Prado Angelo,M. McDonald,1.5,2.5,J. C. Prado Angelo,M. McDonald,French Open,https://api.api-tennis.com/logo-tennis/21704_j-c-prado-angelo.jpg,https://api.api-tennis.com/logo-tennis/2839_m-mcdonald.jpg,9
12128276,2026-05-18,French Open,Clay,ATP French Open - Quarter-finals,J. Clarke,D. Sweeny,1.18,4.45,J. Clarke,D. Sweeny,French Open,https://api.api-tennis.com/logo-tennis/1739_j-clarke.jpg,https://api.api-tennis.com/logo-tennis/1308_d-sweeny.jpg,9
12128269,2026-05-18,French Open,Clay,ATP French Open - Quarter-finals,J. De Jong,F. Sun,1.06,8.0,J. De Jong,F. Sun,French Open,https://api.api-tennis.com/logo-tennis/412_j-de-jong.jpg,https://api.api-tennis.com/logo-tennis/876_f-sun.jpg,9
12128270,2026-05-18,French Open,Clay,ATP French Open - Quarter-finals,J. P. Ficovich,S. Travaglia,2.49,1.5,J. P. Ficovich,S. Travaglia,French Open,https://api.api-tennis.com/logo-tennis/420_j-p-ficovich.jpg,https://api.api-tennis.com/logo-tennis/2672_s-travaglia.jpg,9
12128300,2026-05-18,French Open,Clay,ATP French Open - Quarter-finals,J. Reis Da Silva,C. Hemery,1.91,1.83,J. Reis Da Silva,C. Hemery,French Open,https://api.api-tennis.com/logo-tennis/2408_j-reis-da-silva.jpg,https://api.api-tennis.com/logo-tennis/1206_c-hemery.jpg,8
12128330,2026-05-18,French Open,Clay,WTA French Open - Quarter-finals,K. Day,O. Dodin,,,K. Day,O. Dodin,French Open,https://api.api-tennis.com/logo-tennis/132_k-day.jpg,https://api.api-tennis.com/logo-tennis/523_o-dodin.jpg,
12128303,2026-05-18,French Open,Clay,WTA French Open - Quarter-finals,K. Deichmann,J. Garland,2.3,1.57,K. Deichmann,J. Garland,French Open,https://api.api-tennis.com/logo-tennis/459_k-deichmann.jpg,https://api.api-tennis.com/logo-tennis/1962_j-garland.jpg,9
12128309,2026-05-18,French Open,Clay,WTA French Open - Quarter-finals,L. Gjorcheska,S. Lamens,3.05,1.35,L. Gjorcheska,S. Lamens,French Open,https://api.api-tennis.com/logo-tennis/227_l-gjorcheska.jpg,https://api.api-tennis.com/logo-tennis/450_s-lamens.jpg,9
12128324,2026-05-18,French Open,Clay,WTA French Open - Quarter-finals,L. Klimovicova,L. Radivojevic,2.26,1.59,L. Klimovicova,L. Radivojevic,French Open,https://api.api-tennis.com/logo-tennis/8978_l-klimovicova.jpg,https://api.api-tennis.com/logo-tennis/1364_l-radivojevic.jpg,9
12128294,2026-05-18,French Open,Clay,ATP French Open - Quarter-finals,L. Neumayer,A. Bolt,1.13,5.4,L. Neumayer,A. Bolt,French Open,https://api.api-tennis.com/logo-tennis/2022_l-neumayer.jpg,https://api.api-tennis.com/logo-tennis/3319_a-bolt.jpg,9
12128308,2026-05-18,French Open,Clay,WTA French Open - Quarter-finals,L. Tararudee,D. Papamichail,1.25,3.62,L. Tararudee,D. Papamichail,French Open,https://api.api-tennis.com/logo-tennis/25728_l-tararudee.jpg,https://api.api-tennis.com/logo-tennis/1111_d-papamichail.jpg,9
12128315,2026-05-18,French Open,Clay,WTA French Open - Quarter-finals,M. Barthel,A-L. Friedsam,1.88,1.86,M. Barthel,A-L. Friedsam,French Open,https://api.api-tennis.com/logo-tennis/171_m-barthel.jpg,https://api.api-tennis.com/logo-tennis/522_a-l-friedsam.jpg,9
12128301,2026-05-18,French Open,Clay,WTA French Open - Quarter-finals,M. Bulgaru,H. Guo,3.0,1.36,M. Bulgaru,H. Guo,French Open,https://api.api-tennis.com/logo-tennis/173_m-bulgaru.jpg,https://api.api-tennis.com/logo-tennis/7931_h-guo.jpg,9
12128314,2026-05-18,French Open,Clay,WTA French Open - Quarter-finals,M. Chwalinska,A. Rame,1.06,8.5,M. Chwalinska,A. Rame,French Open,https://api.api-tennis.com/logo-tennis/1434_m-chwalinska.jpg,https://api.api-tennis.com/logo-tennis/1124_a-rame.jpg,9
12128284,2026-05-18,French Open,Clay,ATP French Open - Quarter-finals,M. Damm,T. Samuel,1.58,2.3,M. Damm,T. Samuel,French Open,https://api.api-tennis.com/logo-tennis/1317_m-damm.jpg,https://api.api-tennis.com/logo-tennis/15184_t-samuel.jpg,9
12128304,2026-05-18,French Open,Clay,WTA French Open - Quarter-finals,M. Hontama,T. Preston,2.44,1.53,M. Hontama,T. Preston,French Open,https://api.api-tennis.com/logo-tennis/1787_m-hontama.jpg,https://api.api-tennis.com/logo-tennis/3324_t-preston.jpg,9
12128279,2026-05-18,French Open,Clay,ATP French Open - Quarter-finals,M. Houkes,M. Cecchinato,2.55,1.49,M. Houkes,M. Cecchinato,French Open,https://api.api-tennis.com/logo-tennis/1243_m-houkes.jpg,https://api.api-tennis.com/logo-tennis/1095_m-cecchinato.jpg,9
12128323,2026-05-18,French Open,Clay,WTA French Open - Quarter-finals,M. Jorge,E. Kalieva,4.13,1.21,M. Jorge,E. Kalieva,French Open,https://api.api-tennis.com/logo-tennis/97_m-jorge.jpg,https://api.api-tennis.com/logo-tennis/198_e-kalieva.jpg,9
12128307,2026-05-18,French Open,Clay,WTA French Open - Quarter-finals,M. Leonard,H. Sakatsume,5.35,1.14,M. Leonard,H. Sakatsume,French Open,https://api.api-tennis.com/logo-tennis/7520_m-leonard.jpg,https://api.api-tennis.com/logo-tennis/115_h-sakatsume.jpg,9
12128321,2026-05-18,French Open,Clay,WTA French Open - Quarter-finals,M. Sherif,A. Lazaro Garcia,1.7,2.07,M. Sherif,A. Lazaro Garcia,French Open,https://api.api-tennis.com/logo-tennis/510_m-sherif.jpg,https://api.api-tennis.com/logo-tennis/1117_a-lazaro-garcia.jpg,9
12128327,2026-05-18,French Open,Clay,WTA French Open - Quarter-finals,M. Stoiana,S. Janicijevic,1.18,4.45,M. Stoiana,S. Janicijevic,French Open,https://api.api-tennis.com/logo-tennis/56261_m-stoiana.jpg,https://api.api-tennis.com/logo-tennis/470_s-janicijevic.jpg,9
12128290,2026-05-18,French Open,Clay,ATP French Open - Quarter-finals,N. Basilashvili,P. Boscardin Dias,1.19,4.485,N. Basilashvili,P. Boscardin Dias,French Open,https://api.api-tennis.com/logo-tennis/424_n-basilashvili.jpg,https://api.api-tennis.com/logo-tennis/2003_p-boscardin-dias.jpg,8
12128299,2026-05-18,French Open,Clay,ATP French Open - Quarter-finals,N. Mejia,P. Llamas Ruiz,5.5,1.12,N. Mejia,P. Llamas Ruiz,French Open,https://api.api-tennis.com/logo-tennis/7641_n-mejia.jpg,https://api.api-tennis.com/logo-tennis/987_p-llamas-ruiz.jpg,9
12128319,2026-05-18,French Open,Clay,WTA French Open - Quarter-finals,N. Noha Akugue,T. Prozorova,1.7,2.09,N. Noha Akugue,T. Prozorova,French Open,https://api.api-tennis.com/logo-tennis/1029_n-akugue-noha.jpg,https://api.api-tennis.com/logo-tennis/36452_t-prozorova.jpg,9
12128282,2026-05-18,French Open,Clay,ATP French Open - Quarter-finals,O. Virtanen,A. Holmgren,1.5,2.5,O. Virtanen,A. Holmgren,French Open,https://api.api-tennis.com/logo-tennis/767_o-virtanen.jpg,https://api.api-tennis.com/logo-tennis/19536_a-holmgren.jpg,9
12128311,2026-05-18,French Open,Clay,WTA French Open - Quarter-finals,P. Iatcenko,C. Monnet,2.91,1.36,P. Iatcenko,C. Monnet,French Open,https://api.api-tennis.com/logo-tennis/9264_p-iatcenko.jpg,https://api.api-tennis.com/logo-tennis/1831_c-monnet.jpg,9
12128275,2026-05-18,French Open,Clay,ATP French Open - Quarter-finals,R. Bertola,S. Mochizuki,1.62,2.23,R. Bertola,S. Mochizuki,French Open,https://api.api-tennis.com/logo-tennis/1212_r-bertola.jpg,https://api.api-tennis.com/logo-tennis/1880_s-mochizuki.jpg,9
12128283,2026-05-18,French Open,Clay,ATP French Open - Quarter-finals,R. Bertrand,D. Glinka,3.2,1.33,R. Bertrand,D. Glinka,French Open,https://api.api-tennis.com/logo-tennis/808_r-bertrand.jpg,https://api.api-tennis.com/logo-tennis/780_d-glinka.jpg,9
12128329,2026-05-18,French Open,Clay,WTA French Open - Quarter-finals,S. Bandecchi,C. Paquet,1.96,1.79,S. Bandecchi,C. Paquet,French Open,https://api.api-tennis.com/logo-tennis/484_s-bandecchi.jpg,https://api.api-tennis.com/logo-tennis/1142_c-paquet.jpg,9
12128302,2026-05-18,French Open,Clay,WTA French Open - Quarter-finals,S. Costoulas,T. Mrdeza,1.01,13.625,S. Costoulas,T. Mrdeza,French Open,https://api.api-tennis.com/logo-tennis/9248_s-costoulas.jpg,https://api.api-tennis.com/logo-tennis/2987_t-mrdeza.jpg,6
12128312,2026-05-18,French Open,Clay,WTA French Open - Quarter-finals,S. Kraus,C. Naef,1.3,3.28,S. Kraus,C. Naef,French Open,https://api.api-tennis.com/logo-tennis/1424_s-kraus.jpg,https://api.api-tennis.com/logo-tennis/10911_c-naef.jpg,9
12128281,2026-05-18,French Open,Clay,ATP French Open - Quarter-finals,S. Shimabukuro,S. Sakellaridis,3.09,1.35,S. Shimabukuro,S. Sakellaridis,French Open,https://api.api-tennis.com/logo-tennis/9608_s-shimabukuro.jpg,https://api.api-tennis.com/logo-tennis/742_s-sakellaridis.jpg,9
12128328,2026-05-18,French Open,Clay,WTA French Open - Quarter-finals,S. Stephens,C. Y. Lee,,,S. Stephens,C. Y. Lee,French Open,https://api.api-tennis.com/logo-tennis/1826_s-stephens.jpg,,
12128298,2026-05-18,French Open,Clay,ATP French Open - Quarter-finals,V. Gaubas,F. Coria,1.14,5.0,V. Gaubas,F. Coria,French Open,https://api.api-tennis.com/logo-tennis/9385_v-gaubas.jpg,https://api.api-tennis.com/logo-tennis/433_f-coria.jpg,9
12128306,2026-05-18,French Open,Clay,WTA French Open - Quarter-finals,V. Jimenez Kasintseva,E. Pridankina,1.85,1.91,V. Jimenez Kasintseva,E. Pridankina,French Open,https://api.api-tennis.com/logo-tennis/1137_v-jimenez-kasintseva.jpg,https://api.api-tennis.com/logo-tennis/9399_e-pridankina.jpg,9
12128295,2026-05-18,French Open,Clay,ATP French Open - Quarter-finals,V. Sachko,J. Pinnington Jones,1.83,1.93,V. Sachko,J. Pinnington Jones,French Open,https://api.api-tennis.com/logo-tennis/1899_v-sachko.jpg,https://api.api-tennis.com/logo-tennis/1858_j-pinnington-jones.jpg,9
12128322,2026-05-18,French Open,Clay,WTA French Open - Quarter-finals,Y. Yuan,H. Dart,1.22,4.0,Y. Yuan,H. Dart,French Open,https://api.api-tennis.com/logo-tennis/1112_y-yuan.jpg,https://api.api-tennis.com/logo-tennis/2998_h-dart.jpg,9
12127988,2026-05-18,Geneva,Clay,ATP Geneva - 1/16-finals,A. Rinderknech,T. A. Tirante,2.3600000000000003,1.58,A. Rinderknech,T. A. Tirante,Geneva,https://api.api-tennis.com/logo-tennis/1902_a-rinderknech.jpg,https://api.api-tennis.com/logo-tennis/366_t-a-tirante.jpg,10
12127989,2026-05-18,Geneva,Clay,ATP Geneva - 1/16-finals,A. Tabilo,S. Wawrinka,1.31,3.4,A. Tabilo,S. Wawrinka,Geneva,https://api.api-tennis.com/logo-tennis/2982_a-tabilo.jpg,https://api.api-tennis.com/logo-tennis/2168_s-wawrinka.jpg,11
12128055,2026-05-18,Geneva,Clay,ATP Geneva - 1/8-finals,Gonzalez/ Gonzalez,Arneodo/ Polmans,,,Gonzalez/ Gonzalez,Arneodo/ Polmans,Geneva,,,
12128062,2026-05-18,Geneva,Clay,ATP Geneva - 1/8-finals,Hidalgo/ Tabilo,Bhambri/ Venus,,,Hidalgo/ Tabilo,Bhambri/ Venus,Geneva,,,
12128255,2026-05-18,Geneva,Clay,ATP Geneva - 1/16-finals,L. Sonego,E. Butvilas,1.67,2.1900000000000004,L. Sonego,E. Butvilas,Geneva,https://api.api-tennis.com/logo-tennis/2843_l-sonego.jpg,https://api.api-tennis.com/logo-tennis/9362_e-butvilas.jpg,10
12128058,2026-05-18,Geneva,Clay,ATP Geneva - 1/8-finals,Melo/ Molteni,Fritz/ Tien,,,Melo/ Molteni,Fritz/ Tien,Geneva,,,
12128256,2026-05-18,Geneva,Clay,ATP Geneva - 1/16-finals,R. Brancaccio,S. Wawrinka,2.5,1.52,R. Brancaccio,S. Wawrinka,Geneva,https://api.api-tennis.com/logo-tennis/1873_r-brancaccio.jpg,https://api.api-tennis.com/logo-tennis/2168_s-wawrinka.jpg,7
12128258,2026-05-18,Geneva,Clay,ATP Geneva - 1/8-finals,Reyes-Varela/ Willis,Bhambri/ Venus,,,Reyes-Varela/ Willis,Bhambri/ Venus,Geneva,,,
12127984,2026-05-18,Geneva,Clay,ATP Geneva - 1/16-finals,S. Baez,A. Michelsen,1.53,2.495,S. Baez,A. Michelsen,Geneva,https://api.api-tennis.com/logo-tennis/1101_s-baez.jpg,https://api.api-tennis.com/logo-tennis/10884_a-michelsen.jpg,10
12127991,2026-05-18,Geneva,Clay,ATP Geneva - 1/16-finals,S. Tsitsipas,G. Mpetshi Perricard,1.36,2.98,S. Tsitsipas,G. Mpetshi Perricard,Geneva,https://api.api-tennis.com/logo-tennis/1906_s-tsitsipas.jpg,https://api.api-tennis.com/logo-tennis/9222_g-mpetshi-perricard.jpg,9
12128257,2026-05-18,Geneva,Clay,ATP Geneva - 1/16-finals,V. Royer,F. Comesana,2.7,1.45,V. Royer,F. Comesana,Geneva,https://api.api-tennis.com/logo-tennis/954_v-royer.jpg,https://api.api-tennis.com/logo-tennis/2084_f-comesana.jpg,10
12128047,2026-05-18,Hamburg,Clay,ATP Hamburg - 1/16-finals,A. Davidovich Fokina,C. Moutet,1.57,2.385,A. Davidovich Fokina,C. Moutet,Hamburg,https://api.api-tennis.com/logo-tennis/2842_a-davidovich-fokina.jpg,https://api.api-tennis.com/logo-tennis/2674_c-moutet.jpg,10
12128245,2026-05-18,Hamburg,Clay,ATP Hamburg - 1/16-finals,D. Altmaier,R. Hijikata,1.37,3.0,D. Altmaier,R. Hijikata,Hamburg,https://api.api-tennis.com/logo-tennis/1099_d-altmaier.jpg,https://api.api-tennis.com/logo-tennis/3317_r-hijikata.jpg,10
12128045,2026-05-18,Hamburg,Clay,ATP Hamburg - 1/16-finals,F. Cerundolo,A. De Minaur,1.53,2.48,F. Cerundolo,A. De Minaur,Hamburg,https://api.api-tennis.com/logo-tennis/1104_f-cerundolo.jpg,https://api.api-tennis.com/logo-tennis/1106_a-de-minaur.jpg,10
12128053,2026-05-18,Hamburg,Clay,ATP Hamburg - 1/16-finals,J. Mensik,J-L. Struff,1.3050000000000002,3.4299999999999997,J. Mensik,J-L. Struff,Hamburg,https://api.api-tennis.com/logo-tennis/902_j-mensik.jpg,https://api.api-tennis.com/logo-tennis/2831_j-l-struff.jpg,10
12128052,2026-05-18,Hamburg,Clay,ATP Hamburg - 1/16-finals,K. Majchrzak,C. Ugo Carabelli,2.6100000000000003,1.495,K. Majchrzak,C. Ugo Carabelli,Hamburg,https://api.api-tennis.com/logo-tennis/1096_k-majchrzak.jpg,https://api.api-tennis.com/logo-tennis/401_c-ugo-carabelli.jpg,10
12128242,2026-05-18,Hamburg,Clay,ATP Hamburg - 1/16-finals,M. Giron,B. Shelton,3.245,1.335,M. Giron,B. Shelton,Hamburg,https://api.api-tennis.com/logo-tennis/1766_m-giron.jpg,https://api.api-tennis.com/logo-tennis/2973_b-shelton.jpg,10
12128240,2026-05-18,Hamburg,Clay,ATP Hamburg - Final,Romboli/ Seggerman,Balaji/ Demoliner,,,Romboli/ Seggerman,Balaji/ Demoliner,Hamburg,,,
12128043,2026-05-18,Hamburg,Clay,ATP Hamburg - 1/16-finals,T. Atmane,T. M. Etcheverry,2.625,1.475,T. Atmane,T. M. Etcheverry,Hamburg,https://api.api-tennis.com/logo-tennis/13091_t-atmane.jpg,https://api.api-tennis.com/logo-tennis/1777_t-m-etcheverry.jpg,10
12128050,2026-05-18,Hamburg,Clay,ATP Hamburg - 1/16-finals,Y. Hanfmann,J. Fonseca,2.955,1.355,Y. Hanfmann,J. Fonseca,Hamburg,https://api.api-tennis.com/logo-tennis/1764_y-hanfmann.jpg,https://api.api-tennis.com/logo-tennis/40058_j-fonseca.jpg,10
12128241,2026-05-18,Hamburg,Clay,ATP Hamburg - 1/16-finals,Y. Hanfmann,M. Schoenhaus,1.22,4.0649999999999995,Y. Hanfmann,M. Schoenhaus,Hamburg,https://api.api-tennis.com/logo-tennis/1764_y-hanfmann.jpg,https://api.api-tennis.com/logo-tennis/56893_m-schoenhaus.jpg,10
12128268,2026-05-18,Istanbul (Turkey) - Qualification,Hard,Istanbul - Final,A. Ayeni,R. Bennani,2.56,1.45,A. Ayeni,R. Bennani,Istanbul (Turkey) - Qualification,https://api.api-tennis.com/logo-tennis/2481_a-ayeni.jpg,https://api.api-tennis.com/logo-tennis/38261_r-bennani.jpg,9
12128182,2026-05-18,Istanbul (Turkey) - Qualification,Hard,Istanbul - 1/16-finals,A. Martin,D. Jorda Sanchis,2.56,1.46,A. Martin,D. Jorda Sanchis,Istanbul (Turkey) - Qualification,https://api.api-tennis.com/logo-tennis/1056_a-martin.jpg,https://api.api-tennis.com/logo-tennis/2019_d-jorda-sanchis.jpg,10
12128236,2026-05-18,Istanbul (Turkey) - Qualification,Hard,Istanbul - Final,A. Matusevich,K. I. Kosaner,,,A. Matusevich,K. I. Kosaner,Istanbul (Turkey) - Qualification,https://api.api-tennis.com/logo-tennis/6886_a-matusevich.jpg,,
12128335,2026-05-18,Istanbul (Turkey) - Qualification,Hard,Istanbul - Final,A. Sanchez Quilez,K. Bennani,1.29,3.22,A. Sanchez Quilez,K. Bennani,Istanbul (Turkey) - Qualification,https://api.api-tennis.com/logo-tennis/52692_a-sanchez-quilez.jpg,https://api.api-tennis.com/logo-tennis/38298_k-bennani.jpg,7
12128188,2026-05-18,Istanbul (Turkey) - Qualification,Hard,Istanbul - 1/16-finals,C. Sanchez Jover,N. Sanchez Izquierdo,2.66,1.41,C. Sanchez Jover,N. Sanchez Izquierdo,Istanbul (Turkey) - Qualification,https://api.api-tennis.com/logo-tennis/584_c-sanchez-jover.jpg,https://api.api-tennis.com/logo-tennis/591_n-sanchez-izquierdo.jpg,9
12128267,2026-05-18,Istanbul (Turkey) - Qualification,Hard,Istanbul - Final,D. Dutra Da Silva,G. Kravchenko,1.53,2.3,D. Dutra Da Silva,G. Kravchenko,Istanbul (Turkey) - Qualification,https://api.api-tennis.com/logo-tennis/558_d-dutra-da-silva.jpg,https://api.api-tennis.com/logo-tennis/2106_g-kravchenko.jpg,9
12128184,2026-05-18,Istanbul (Turkey) - Qualification,Hard,Istanbul - 1/16-finals,D. Michalski,M. Sharipov,1.97,1.725,D. Michalski,M. Sharipov,Istanbul (Turkey) - Qualification,https://api.api-tennis.com/logo-tennis/582_d-michalski.jpg,https://api.api-tennis.com/logo-tennis/830_m-sharipov.jpg,8
12128266,2026-05-18,Istanbul (Turkey) - Qualification,Hard,Istanbul - Final,L. Poullain,V. Orlov,1.42,2.62,L. Poullain,V. Orlov,Istanbul (Turkey) - Qualification,https://api.api-tennis.com/logo-tennis/1315_l-poullain.jpg,https://api.api-tennis.com/logo-tennis/932_v-orlov.jpg,9
12128186,2026-05-18,Istanbul (Turkey) - Qualification,Hard,Istanbul - 1/16-finals,M. Mrva,J. Forejtek,2.29,1.55,M. Mrva,J. Forejtek,Istanbul (Turkey) - Qualification,,https://api.api-tennis.com/logo-tennis/2086_j-forejtek.jpg,9
12128209,2026-05-18,Istanbul (Turkey) - Qualification,Hard,Istanbul - Final,P. A. Saraiva Dos Santos,M. Anavatan,1.24,3.75,P. A. Saraiva Dos Santos,M. Anavatan,Istanbul (Turkey) - Qualification,https://api.api-tennis.com/logo-tennis/10508_p-a-saraiva-dos-santos.jpg,https://api.api-tennis.com/logo-tennis/68069_m-anavatan.jpg,6
12128183,2026-05-18,Istanbul (Turkey) - Qualification,Hard,Istanbul - 1/16-finals,P. Martin Tiffon,Y. T. Alexandrescou,,,P. Martin Tiffon,Y. T. Alexandrescou,Istanbul (Turkey) - Qualification,https://api.api-tennis.com/logo-tennis/1338_p-martin-tiffon.jpg,,
12128179,2026-05-18,Istanbul (Turkey) - Qualification,Hard,Istanbul - 1/16-finals,T. Duran,F. Agamenone,4.55,1.17,T. Duran,F. Agamenone,Istanbul (Turkey) - Qualification,https://api.api-tennis.com/logo-tennis/14315_t-duran.jpg,https://api.api-tennis.com/logo-tennis/373_f-agamenone.jpg,10
12128346,2026-05-18,M15 Klagenfurt,Hard,M15 Klagenfurt - 1/8-finals,Hrazdil/ Lanik,Pinter/ Wagner,,,Hrazdil/ Lanik,Pinter/ Wagner,M15 Klagenfurt,,,
12128348,2026-05-18,M15 Klagenfurt,Hard,M15 Klagenfurt - 1/8-finals,Laporta Osante -/Trainauskas,Muller/ Zick,,,Laporta Osante -/Trainauskas,Muller/ Zick,M15 Klagenfurt,,,
12128345,2026-05-18,M15 Klagenfurt,Hard,M15 Klagenfurt - 1/8-finals,Lechner/ Rohseano,Gaxherri/ Szerencsits,,,Lechner/ Rohseano,Gaxherri/ Szerencsits,M15 Klagenfurt,,,
12128337,2026-05-18,M15 Klagenfurt,Hard,M15 Klagenfurt - 1/16-finals,P. Fajta,M. Plunger,1.315,3.2350000000000003,P. Fajta,M. Plunger,M15 Klagenfurt,https://api.api-tennis.com/logo-tennis/923_p-fajta.jpg,https://api.api-tennis.com/logo-tennis/40085_m-plunger.jpg,2
12128336,2026-05-18,M15 Klagenfurt,Hard,M15 Klagenfurt - 1/16-finals,S. Zick,A. Oetzbach,2.24,1.59,S. Zick,A. Oetzbach,M15 Klagenfurt,https://api.api-tennis.com/logo-tennis/73132_s-zick.jpg,https://api.api-tennis.com/logo-tennis/751_a-oetzbach.jpg,1
12128347,2026-05-18,M15 Klagenfurt,Hard,M15 Klagenfurt - 1/8-finals,Steindl/ Steindl,Garcia Mestre/ Goldberg Alviani,,,Steindl/ Steindl,Garcia Mestre/ Goldberg Alviani,M15 Klagenfurt,,,
12128197,2026-05-18,M15 Maringá (Brazil),Hard,M15 Maringa - Final,M. Alves,L. F. Miguel,,,M. Alves,L. F. Miguel,M15 Maringá (Brazil),https://api.api-tennis.com/logo-tennis/28260_m-alves.jpg,,
12128237,2026-05-18,M25 Kutaisi (Georgia),Hard,M25 Kutaisi - Final,C. Vandermeersch,S. Pankin,1.81,1.8900000000000001,C. Vandermeersch,S. Pankin,M25 Kutaisi (Georgia),https://api.api-tennis.com/logo-tennis/11809_c-vandermeersch.jpg,https://api.api-tennis.com/logo-tennis/54138_s-pankin.jpg,4
12128238,2026-05-18,M25 Kutaisi (Georgia),Hard,M25 Kutaisi - Final,Philippov/ Sarksian,Istomin/ Shin,,,Philippov/ Sarksian,Istomin/ Shin,M25 Kutaisi (Georgia),,,
12128351,2026-05-18,M25 Kutaisi 2 (Georgia),Hard,M25 Kutaisi 2 - 1/8-finals,Binda/ Ostapenkov,Lutkovskii/ Philippov,,,Binda/ Ostapenkov,Lutkovskii/ Philippov,M25 Kutaisi 2 (Georgia),,,
12128349,2026-05-18,M25 Kutaisi 2 (Georgia),Hard,M25 Kutaisi 2 - 1/8-finals,De Felipe Garcia/ Dominguez Alonso,Mishkin/ Shvets,,,De Felipe Garcia/ Dominguez Alonso,Mishkin/ Shvets,M25 Kutaisi 2 (Georgia),,,
12128354,2026-05-18,M25 Kutaisi 2 (Georgia),Hard,M25 Kutaisi 2 - 1/8-finals,Edengren/ Martinez Gomez,Prasievi/ Shvangiradze,,,Edengren/ Martinez Gomez,Prasievi/ Shvangiradze,M25 Kutaisi 2 (Georgia),,,
12128352,2026-05-18,M25 Kutaisi 2 (Georgia),Hard,M25 Kutaisi 2 - 1/8-finals,Gomez/ Vandermeersch,Bidzinashvili/ Losaberidze,,,Gomez/ Vandermeersch,Bidzinashvili/ Losaberidze,M25 Kutaisi 2 (Georgia),,,
12128350,2026-05-18,M25 Kutaisi 2 (Georgia),Hard,M25 Kutaisi 2 - 1/8-finals,Hillel/ Molgin,Mintz/ Ursu,,,Hillel/ Molgin,Mintz/ Ursu,M25 Kutaisi 2 (Georgia),,,
12128353,2026-05-18,M25 Kutaisi 2 (Georgia),Hard,M25 Kutaisi 2 - 1/8-finals,Johansson/ Pawlak,Jaisinghani/ Kypriotis,,,Johansson/ Pawlak,Jaisinghani/ Kypriotis,M25 Kutaisi 2 (Georgia),,,
12128356,2026-05-18,M25 Kutaisi 2 (Georgia),Hard,M25 Kutaisi 2 - 1/8-finals,Karlovskiy/ Zaytsev,Bobichon/ Catry,,,Karlovskiy/ Zaytsev,Bobichon/ Catry,M25 Kutaisi 2 (Georgia),,,
12128338,2026-05-18,M25 Kutaisi 2 (Georgia),Hard,M25 Kutaisi 2 - 1/16-finals,M. Bobichon,E. Philippov,1.57,2.2350000000000003,M. Bobichon,E. Philippov,M25 Kutaisi 2 (Georgia),https://api.api-tennis.com/logo-tennis/69332_-m-bobichon.jpg,https://api.api-tennis.com/logo-tennis/670_e-philippov.jpg,4
12128339,2026-05-18,M25 Kutaisi 2 (Georgia),Hard,M25 Kutaisi 2 - 1/16-finals,N. Sirbiladze,K. Edengren,10.2,1.01,N. Sirbiladze,K. Edengren,M25 Kutaisi 2 (Georgia),,,5
12128355,2026-05-18,M25 Kutaisi 2 (Georgia),Hard,M25 Kutaisi 2 - 1/8-finals,Ovcharenko/ Rossi,Neos/ Pankin,,,Ovcharenko/ Rossi,Neos/ Pankin,M25 Kutaisi 2 (Georgia),,,
12128340,2026-05-18,M25 Kutaisi 2 (Georgia),Hard,M25 Kutaisi 2 - 1/16-finals,R. Catry,E. Karlovskiy,1.315,3.085,R. Catry,E. Karlovskiy,M25 Kutaisi 2 (Georgia),https://api.api-tennis.com/logo-tennis/40126_r-catry.jpg,https://api.api-tennis.com/logo-tennis/575_e-karlovskiy.jpg,2
12128341,2026-05-18,M25 Kutaisi 2 (Georgia),Hard,M25 Kutaisi 2 - 1/16-finals,Y. Erel,L. Rossi,1.3650000000000002,2.865,Y. Erel,L. Rossi,M25 Kutaisi 2 (Georgia),https://api.api-tennis.com/logo-tennis/10541_y-erel.jpg,https://api.api-tennis.com/logo-tennis/37988_l-rossi.jpg,6
12128093,2026-05-18,Rabat,Hard,WTA Rabat - 1/16-finals,A. Parks,M. Uchijima,2.5,1.53,A. Parks,M. Uchijima,Rabat,https://api.api-tennis.com/logo-tennis/1792_a-parks.jpg,https://api.api-tennis.com/logo-tennis/460_m-uchijima.jpg,10
12128214,2026-05-18,Rabat,Hard,WTA Rabat - 1/8-finals,Bhosale/ Plipuech,Chong/ Kempen,,,Bhosale/ Plipuech,Chong/ Kempen,Rabat,,,
12128216,2026-05-18,Rabat,Hard,WTA Rabat - 1/8-finals,Cavalle-Reimers/ Salden,Kato/ Olmos,,,Cavalle-Reimers/ Salden,Kato/ Olmos,Rabat,,,
12128210,2026-05-18,Rabat,Hard,WTA Rabat - 1/8-finals,Corley/ Corley,Hesse/ Spiteri,,,Corley/ Corley,Hesse/ Spiteri,Rabat,,,
12128333,2026-05-18,Rabat,Hard,WTA Rabat - 1/16-finals,F. Ferro,D. Kovinic,1.1,6.75,F. Ferro,D. Kovinic,Rabat,https://api.api-tennis.com/logo-tennis/526_f-ferro.jpg,https://api.api-tennis.com/logo-tennis/2524_d-kovinic.jpg,9
12128090,2026-05-18,Rabat,Hard,WTA Rabat - 1/16-finals,H. Vandewinkel,P. Udvardy,2.0,1.795,H. Vandewinkel,P. Udvardy,Rabat,https://api.api-tennis.com/logo-tennis/9254_h-vandewinkel.jpg,https://api.api-tennis.com/logo-tennis/1141_p-udvardy.jpg,10
12128212,2026-05-18,Rabat,Hard,WTA Rabat - 1/8-finals,Haverlag/ Lumsden,Detiuc/ Khromacheva,,,Haverlag/ Lumsden,Detiuc/ Khromacheva,Rabat,,,
12128091,2026-05-18,Rabat,Hard,WTA Rabat - 1/16-finals,J. Teichmann,J. Grabher,2.1,1.73,J. Teichmann,J. Grabher,Rabat,https://api.api-tennis.com/logo-tennis/33667_j-teichmann.jpg,https://api.api-tennis.com/logo-tennis/489_j-grabher.jpg,10
12128098,2026-05-18,Rabat,Hard,WTA Rabat - 1/16-finals,P. Hercog,A. Bondar,3.95,1.25,P. Hercog,A. Bondar,Rabat,https://api.api-tennis.com/logo-tennis/2819_p-hercog.jpg,https://api.api-tennis.com/logo-tennis/505_a-bondar.jpg,10
12128334,2026-05-18,Rabat,Hard,WTA Rabat - 1/16-finals,P. Marcinko,V. Zvonareva,1.53,2.495,P. Marcinko,V. Zvonareva,Rabat,https://api.api-tennis.com/logo-tennis/1143_p-marcinko.jpg,https://api.api-tennis.com/logo-tennis/2822_v-zvonareva.jpg,10
12128215,2026-05-18,Rabat,Hard,WTA Rabat - 1/8-finals,Piter/ Radisic,El Jardi/ Kabbaj,,,Piter/ Radisic,El Jardi/ Kabbaj,Rabat,,,
12128089,2026-05-18,Rabat,Hard,WTA Rabat - 1/16-finals,S. Waltert,A. Kalinina,2.575,1.5,S. Waltert,A. Kalinina,Rabat,https://api.api-tennis.com/logo-tennis/493_s-waltert.jpg,https://api.api-tennis.com/logo-tennis/2393_a-kalinina.jpg,10
12128248,2026-05-18,Strasbourg,Hard,WTA Strasbourg - 1/16-finals,A. Eala,O. Oliynykova,1.97,1.82,A. Eala,O. Oliynykova,Strasbourg,https://api.api-tennis.com/logo-tennis/3490_a-eala.jpg,https://api.api-tennis.com/logo-tennis/12876_o-oliynykova.jpg,10
12127992,2026-05-18,Strasbourg,Hard,WTA Strasbourg - 1/8-finals,Alexandrova/ Danilina,Jiang/ Xu,,,Alexandrova/ Danilina,Jiang/ Xu,Strasbourg,,,
12128250,2026-05-18,Strasbourg,Hard,WTA Strasbourg - 1/16-finals,D. Kasatkina,L. Samsonova,1.8,2.0,D. Kasatkina,L. Samsonova,Strasbourg,https://api.api-tennis.com/logo-tennis/1990_d-kasatkina.jpg,https://api.api-tennis.com/logo-tennis/68376_l-samsonova.jpg,10
12127998,2026-05-18,Strasbourg,Hard,WTA Strasbourg - 1/8-finals,Dabrowski/ Stefani,Ruzic/ Selekhmeteva,,,Dabrowski/ Stefani,Ruzic/ Selekhmeteva,Strasbourg,,,
12127996,2026-05-18,Strasbourg,Hard,WTA Strasbourg - 1/8-finals,Joint/ Perez,Chan H-/Klepac,,,Joint/ Perez,Chan H-/Klepac,Strasbourg,,,
12128077,2026-05-18,Strasbourg,Hard,WTA Strasbourg - 1/16-finals,M. Bouzkova,K. Siniakova,2.1,1.73,M. Bouzkova,K. Siniakova,Strasbourg,https://api.api-tennis.com/logo-tennis/2820_m-bouzkova.jpg,https://api.api-tennis.com/logo-tennis/3006_k-siniakova.jpg,8
12128251,2026-05-18,Strasbourg,Hard,WTA Strasbourg - 1/16-finals,M. Frech,T. Gibson,1.96,1.83,M. Frech,T. Gibson,Strasbourg,https://api.api-tennis.com/logo-tennis/2089_m-frech.jpg,https://api.api-tennis.com/logo-tennis/3326_t-gibson.jpg,10
12128249,2026-05-18,Strasbourg,Hard,WTA Strasbourg - 1/16-finals,M. Kessler,J. Cristian,1.9,1.9,M. Kessler,J. Cristian,Strasbourg,https://api.api-tennis.com/logo-tennis/22072_m-kessler.jpg,https://api.api-tennis.com/logo-tennis/33659_j-cristian.jpg,10
12127999,2026-05-18,Strasbourg,Hard,WTA Strasbourg - 1/8-finals,Muhammad/ Stollar,Hozumi/ Wu,,,Muhammad/ Stollar,Hozumi/ Wu,Strasbourg,,,
12128067,2026-05-18,W15 Bucharest,Hard,W15 Bucharest - Final,V. Artemeva,F. Dorofeeva-Rybas,4.359999999999999,1.1749999999999998,V. Artemeva,F. Dorofeeva-Rybas,W15 Bucharest,,,8
12128357,2026-05-18,W35 Klagenfurt,Hard,W35 Klagenfurt - 1/8-finals,Djekic/ Jantacova,Gasparovic/ Rabl,,,Djekic/ Jantacova,Gasparovic/ Rabl,W35 Klagenfurt,,,
12128358,2026-05-18,W35 Klagenfurt,Hard,W35 Klagenfurt - 1/8-finals,Ebeling Koning/ Van den Broek,Iliev/ Lene,,,Ebeling Koning/ Van den Broek,Iliev/ Lene,W35 Klagenfurt,,,
12128360,2026-05-18,W35 Klagenfurt,Hard,W35 Klagenfurt - 1/8-finals,Gruber/ Ramharter,Glushkova/ Osterreicher,,,Gruber/ Ramharter,Glushkova/ Osterreicher,W35 Klagenfurt,,,
12128359,2026-05-18,W35 Klagenfurt,Hard,W35 Klagenfurt - 1/8-finals,Nedic/ Opris,Rothensteiner/ Schueller,,,Nedic/ Opris,Rothensteiner/ Schueller,W35 Klagenfurt,,,
12128342,2026-05-18,W75 Kosice (Slovakia),Hard,W75 Kosice - 1/16-finals,A. Aksu,K. Supova,1.03,8.6,A. Aksu,K. Supova,W75 Kosice (Slovakia),https://api.api-tennis.com/logo-tennis/4363_a-aksu.jpg,,7
12128365,2026-05-18,W75 Kosice (Slovakia),Hard,W75 Kosice - 1/8-finals,Adams/ Pirohova,Morderger/ Morderger,,,Adams/ Pirohova,Morderger/ Morderger,W75 Kosice (Slovakia),,,
12128362,2026-05-18,W75 Kosice (Slovakia),Hard,W75 Kosice - 1/8-finals,Bara/ Brooks,Vargova/ Zelnickova,,,Bara/ Brooks,Vargova/ Zelnickova,W75 Kosice (Slovakia),,,
12128363,2026-05-18,W75 Kosice (Slovakia),Hard,W75 Kosice - 1/8-finals,Bulatova/ Dang,Drugdova/ Svatikova,,,Bulatova/ Dang,Drugdova/ Svatikova,W75 Kosice (Slovakia),,,
12128364,2026-05-18,W75 Kosice (Slovakia),Hard,W75 Kosice - 1/8-finals,Cisovska/ Jaskova,Cemanova/ Rusnackova,,,Cisovska/ Jaskova,Cemanova/ Rusnackova,W75 Kosice (Slovakia),,,
12128361,2026-05-18,W75 Kosice (Slovakia),Hard,W75 Kosice - 1/8-finals,Depesova/ Gross,Kubka/ Mikulskyte,,,Depesova/ Gross,Kubka/ Mikulskyte,W75 Kosice (Slovakia),,,
12128343,2026-05-18,W75 Kosice (Slovakia),Hard,W75 Kosice - 1/16-finals,E. R. Bertea,N. Farkasova,,,E. R. Bertea,N. Farkasova,W75 Kosice (Slovakia),,,
12128344,2026-05-18,W75 Kosice (Slovakia),Hard,W75 Kosice - 1/16-finals,L. Ciric Bagaric,J. Niemeier,2.01,1.7,L. Ciric Bagaric,J. Niemeier,W75 Kosice (Slovakia),https://api.api-tennis.com/logo-tennis/2575_l-ciric-bagaric.jpg,https://api.api-tennis.com/logo-tennis/471_j-niemeier.jpg,7
12128220,2026-05-19,Bengaluru 3 (India),Hard,Bengaluru 3 - 1/8-finals,Aggarwal/ Kshitij,Isomura/ Matsuda,,,Aggarwal/ Kshitij,Isomura/ Matsuda,Bengaluru 3 (India),,,
12128219,2026-05-19,Bengaluru 3 (India),Hard,Bengaluru 3 - 1/8-finals,Alcantara/ Jones,Kaliyanda Poonacha/ Myneni,,,Alcantara/ Jones,Kaliyanda Poonacha/ Myneni,Bengaluru 3 (India),,,
12128221,2026-05-19,Bengaluru 3 (India),Hard,Bengaluru 3 - 1/8-finals,Betov/ Nedunchezhiyan,Bar Biryukov/ Lomakin,,,Betov/ Nedunchezhiyan,Bar Biryukov/ Lomakin,Bengaluru 3 (India),,,
12128218,2026-05-19,Bengaluru 3 (India),Hard,Bengaluru 3 - 1/8-finals,Bouzige/ Jasika,Kalyanpur/ Sasikumar,,,Bouzige/ Jasika,Kalyanpur/ Sasikumar,Bengaluru 3 (India),,,
12128222,2026-05-19,Bengaluru 3 (India),Hard,Bengaluru 3 - 1/8-finals,Dev S D/ Sinha,Masabayashi/ Vithoontien,,,Dev S D/ Sinha,Masabayashi/ Vithoontien,Bengaluru 3 (India),,,
12128224,2026-05-19,Bengaluru 3 (India),Hard,Bengaluru 3 - 1/8-finals,Ganta/ Sueoka,Hsu/ Papa,,,Ganta/ Sueoka,Hsu/ Papa,Bengaluru 3 (India),,,
12128225,2026-05-19,Bengaluru 3 (India),Hard,Bengaluru 3 - 1/8-finals,Senthil Kumar/ Tyagi,Barry/ Charlton,,,Senthil Kumar/ Tyagi,Barry/ Charlton,Bengaluru 3 (India),,,
12128168,2026-05-19,Bengaluru 3 (India) - Qualification,Hard,Bengaluru 3 - 1/16-finals,H. Stewart,A. Vishal Balsekar,1.03,9.6,H. Stewart,A. Vishal Balsekar,Bengaluru 3 (India) - Qualification,https://api.api-tennis.com/logo-tennis/38208_h-stewart.jpg,https://api.api-tennis.com/logo-tennis/37953_a-vishal-balsekar.jpg,7
12128162,2026-05-19,Bengaluru 3 (India) - Qualification,Hard,Bengaluru 3 - 1/16-finals,K. Lee,K. Tyagi,,,K. Lee,K. Tyagi,Bengaluru 3 (India) - Qualification,https://api.api-tennis.com/logo-tennis/15304_k-lee.jpg,https://api.api-tennis.com/logo-tennis/40363_k-tyagi.jpg,
12128167,2026-05-19,Bengaluru 3 (India) - Qualification,Hard,Bengaluru 3 - 1/16-finals,K. Smith,M. Sureshkumar,1.125,5.025,K. Smith,M. Sureshkumar,Bengaluru 3 (India) - Qualification,https://api.api-tennis.com/logo-tennis/6011_k-smith.jpg,https://api.api-tennis.com/logo-tennis/1334_m-sureshkumar.jpg,8
12128160,2026-05-19,Bengaluru 3 (India) - Qualification,Hard,Bengaluru 3 - 1/16-finals,O. Jasika,S. Rawat,1.41,2.66,O. Jasika,S. Rawat,Bengaluru 3 (India) - Qualification,https://api.api-tennis.com/logo-tennis/1261_o-jasika.jpg,https://api.api-tennis.com/logo-tennis/4469_s-rawat.jpg,8
12128159,2026-05-19,Bengaluru 3 (India) - Qualification,Hard,Bengaluru 3 - 1/16-finals,P. Dev S D,I. Ivashka,6.25,1.1,P. Dev S D,I. Ivashka,Bengaluru 3 (India) - Qualification,https://api.api-tennis.com/logo-tennis/11781_p-dev-s-d.jpg,https://api.api-tennis.com/logo-tennis/432_i-ivashka.jpg,9
12128432,2026-05-19,Cervia (Italy),Hard,Cervia - 1/8-finals,Agostini/ Carboni,Alcala Gurri/ Xilas,,,Agostini/ Carboni,Alcala Gurri/ Xilas,Cervia (Italy),,,
12128438,2026-05-19,Cervia (Italy),Hard,Cervia - 1/8-finals,Cretu/ Uzhylovskyi,Iannaccone/ Tabacco,,,Cretu/ Uzhylovskyi,Iannaccone/ Tabacco,Cervia (Italy),,,
12128436,2026-05-19,Cervia (Italy),Hard,Cervia - 1/8-finals,Duncan/ Ribero,Bianchi/ Sheehy,,,Duncan/ Ribero,Bianchi/ Sheehy,Cervia (Italy),,,
12128433,2026-05-19,Cervia (Italy),Hard,Cervia - 1/8-finals,Genov/ Nesterov,Compagnucci/ Ribecai,,,Genov/ Nesterov,Compagnucci/ Ribecai,Cervia (Italy),,,
12128437,2026-05-19,Cervia (Italy),Hard,Cervia - 1/8-finals,Hermans/ Ricca,Gadamauri/ Tu,,,Hermans/ Ricca,Gadamauri/ Tu,Cervia (Italy),,,
12128434,2026-05-19,Cervia (Italy),Hard,Cervia - 1/8-finals,Loof/ Poljak,Prihodko/ Sels,,,Loof/ Poljak,Prihodko/ Sels,Cervia (Italy),,,
12128439,2026-05-19,Cervia (Italy),Hard,Cervia - 1/8-finals,Martin Manzano/ Vasami,Rodriguez Taverna/ Vega Hernandez,,,Martin Manzano/ Vasami,Rodriguez Taverna/ Vega Hernandez,Cervia (Italy),,,
12128435,2026-05-19,Cervia (Italy),Hard,Cervia - 1/8-finals,Perin/ Potenza,Forti/ Romano,,,Perin/ Potenza,Forti/ Romano,Cervia (Italy),,,
12128172,2026-05-19,Cervia (Italy) - Qualification,Hard,Cervia - 1/16-finals,A. Guerrieri,O. Prihodko,1.42,2.62,A. Guerrieri,O. Prihodko,Cervia (Italy) - Qualification,https://api.api-tennis.com/logo-tennis/853_a-guerrieri.jpg,https://api.api-tennis.com/logo-tennis/8733_o-prihodko.jpg,7
12128173,2026-05-19,Cervia (Italy) - Qualification,Hard,Cervia - 1/16-finals,I. Ivanov,F. Roncadelli,2.5,1.45,I. Ivanov,F. Roncadelli,Cervia (Italy) - Qualification,,https://api.api-tennis.com/logo-tennis/823_f-roncadelli.jpg,7
12128178,2026-05-19,Cervia (Italy) - Qualification,Hard,Cervia - 1/16-finals,I. Xilas,M. Ribecai,3.24,1.3,I. Xilas,M. Ribecai,Cervia (Italy) - Qualification,https://api.api-tennis.com/logo-tennis/19218_i-xilas.jpg,https://api.api-tennis.com/logo-tennis/40082_m-ribecai.jpg,7
12128176,2026-05-19,Cervia (Italy) - Qualification,Hard,Cervia - 1/16-finals,L. Marmousez,F. Bondioli,1.78,1.8900000000000001,L. Marmousez,F. Bondioli,Cervia (Italy) - Qualification,https://api.api-tennis.com/logo-tennis/835_l-marmousez.jpg,https://api.api-tennis.com/logo-tennis/37892_f-bondioli.jpg,4
12128177,2026-05-19,Cervia (Italy) - Qualification,Hard,Cervia - 1/16-finals,L. Rottoli,G. Piraino,3.84,1.22,L. Rottoli,G. Piraino,Cervia (Italy) - Qualification,https://api.api-tennis.com/logo-tennis/837_l-rottoli.jpg,https://api.api-tennis.com/logo-tennis/1245_g-piraino.jpg,7
12128175,2026-05-19,Cervia (Italy) - Qualification,Hard,Cervia - 1/16-finals,M. Kouame,J. Vasami,2.25,1.57,M. Kouame,J. Vasami,Cervia (Italy) - Qualification,https://api.api-tennis.com/logo-tennis/68751_m-kouame.jpg,https://api.api-tennis.com/logo-tennis/73841_j-vasami.jpg,7
12128398,2026-05-19,French Open,Clay,WTA French Open - Quarter-finals,A. Akli,K. Kawa,3.55,1.27,A. Akli,K. Kawa,French Open,https://api.api-tennis.com/logo-tennis/53646_a-akli.jpg,https://api.api-tennis.com/logo-tennis/1780_k-kawa.jpg,7
12128371,2026-05-19,French Open,Clay,ATP French Open - Quarter-finals,A. Dougaz,F. Gill,3.2,1.33,A. Dougaz,F. Gill,French Open,https://api.api-tennis.com/logo-tennis/798_a-dougaz.jpg,https://api.api-tennis.com/logo-tennis/1208_f-gill.jpg,7
12128409,2026-05-19,French Open,Clay,WTA French Open - Quarter-finals,A. Krueger,M. Rouvroy,1.14,5.3,A. Krueger,M. Rouvroy,French Open,https://api.api-tennis.com/logo-tennis/196_a-krueger.jpg,https://api.api-tennis.com/logo-tennis/9119_m-rouvroy.jpg,7
12128384,2026-05-19,French Open,Clay,ATP French Open - Quarter-finals,A. Molcan,O. Crawford,1.11,6.1,A. Molcan,O. Crawford,French Open,https://api.api-tennis.com/logo-tennis/436_a-molcan.jpg,https://api.api-tennis.com/logo-tennis/945_o-crawford.jpg,6
12128415,2026-05-19,French Open,Clay,WTA French Open - Quarter-finals,A. Monnot,M. Bassols,2.63,1.45,A. Monnot,M. Bassols,French Open,https://api.api-tennis.com/logo-tennis/14242_a-monnot.jpg,https://api.api-tennis.com/logo-tennis/135_m-bassols.jpg,7
12128375,2026-05-19,French Open,Clay,ATP French Open - Quarter-finals,B. Gojo,S. Gueymard Wayenburg,1.5,2.49,B. Gojo,S. Gueymard Wayenburg,French Open,https://api.api-tennis.com/logo-tennis/377_b-gojo.jpg,https://api.api-tennis.com/logo-tennis/1742_s-gueymard-wayenburg.jpg,7
12128399,2026-05-19,French Open,Clay,WTA French Open - Quarter-finals,C. Brace,M. Timofeeva,6.75,1.085,C. Brace,M. Timofeeva,French Open,https://api.api-tennis.com/logo-tennis/204_c-brace.jpg,https://api.api-tennis.com/logo-tennis/12869_m-timofeeva.jpg,6
12128389,2026-05-19,French Open,Clay,ATP French Open - Quarter-finals,C. Rodesch,L. Riedi,1.87,1.87,C. Rodesch,L. Riedi,French Open,https://api.api-tennis.com/logo-tennis/5980_c-rodesch.jpg,https://api.api-tennis.com/logo-tennis/1092_l-riedi.jpg,7
12128395,2026-05-19,French Open,Clay,ATP French Open - Quarter-finals,C. Smith,A. Guillen Meza,1.73,2.0,C. Smith,A. Guillen Meza,French Open,https://api.api-tennis.com/logo-tennis/54466_c-smith.jpg,https://api.api-tennis.com/logo-tennis/9230_a-guillen-meza.jpg,5
12128396,2026-05-19,French Open,Clay,ATP French Open - Quarter-finals,C. Wong,B. Harris,1.53,2.4000000000000004,C. Wong,B. Harris,French Open,https://api.api-tennis.com/logo-tennis/2227_c-wong.jpg,https://api.api-tennis.com/logo-tennis/1186_b-harris.jpg,6
12128417,2026-05-19,French Open,Clay,WTA French Open - Quarter-finals,D. Mpetshi Perricard,B. Andreescu,10.5,1.025,D. Mpetshi Perricard,B. Andreescu,French Open,https://api.api-tennis.com/logo-tennis/52022_d-mpetshi-perricard.jpg,https://api.api-tennis.com/logo-tennis/2817_b-andreescu.jpg,6
12128422,2026-05-19,French Open,Clay,WTA French Open - Quarter-finals,D. Semenistaja,I. Shymanovich,1.44,2.62,D. Semenistaja,I. Shymanovich,French Open,https://api.api-tennis.com/logo-tennis/157_d-semenistaja.jpg,https://api.api-tennis.com/logo-tennis/223_i-shymanovich.jpg,7
12128428,2026-05-19,French Open,Clay,WTA French Open - Quarter-finals,D. Vidmanova,X. Gao,,,D. Vidmanova,X. Gao,French Open,https://api.api-tennis.com/logo-tennis/9260_d-vidmanova.jpg,https://api.api-tennis.com/logo-tennis/7289_x-gao.jpg,
12128385,2026-05-19,French Open,Clay,ATP French Open - Quarter-finals,E. Moller,T. Skatov,1.45,2.6,E. Moller,T. Skatov,French Open,https://api.api-tennis.com/logo-tennis/39675_e-moeller.jpg,https://api.api-tennis.com/logo-tennis/362_t-skatov.jpg,5
12128386,2026-05-19,French Open,Clay,ATP French Open - Quarter-finals,E. Nava,Y. Bu,1.4,2.82,E. Nava,Y. Bu,French Open,https://api.api-tennis.com/logo-tennis/567_e-nava.jpg,https://api.api-tennis.com/logo-tennis/796_b-yunchaokete.jpg,7
12128397,2026-05-19,French Open,Clay,ATP French Open - Quarter-finals,E. Ymer,A. Fery,2.75,1.4,E. Ymer,A. Fery,French Open,https://api.api-tennis.com/logo-tennis/1082_e-ymer.jpg,https://api.api-tennis.com/logo-tennis/8174_a-fery.jpg,7
12128405,2026-05-19,French Open,Clay,WTA French Open - Quarter-finals,F. Jorge,X. You,1.81,1.93,F. Jorge,X. You,French Open,https://api.api-tennis.com/logo-tennis/1410_f-jorge.jpg,https://api.api-tennis.com/logo-tennis/1819_x-you.jpg,7
12128380,2026-05-19,French Open,Clay,ATP French Open - Quarter-finals,F. Maestrelli,R. Noguchi,1.15,5.0,F. Maestrelli,R. Noguchi,French Open,https://api.api-tennis.com/logo-tennis/1180_f-maestrelli.jpg,https://api.api-tennis.com/logo-tennis/690_r-noguchi.jpg,6
12128376,2026-05-19,French Open,Clay,ATP French Open - Quarter-finals,G. Heide,D. Added,1.14,5.35,G. Heide,D. Added,French Open,https://api.api-tennis.com/logo-tennis/2410_g-heide.jpg,https://api.api-tennis.com/logo-tennis/1854_d-added.jpg,7
12128412,2026-05-19,French Open,Clay,WTA French Open - Quarter-finals,G. Maristany,J. Belgraver,1.3,3.32,G. Maristany,J. Belgraver,French Open,https://api.api-tennis.com/logo-tennis/142_g-maristany.jpg,https://api.api-tennis.com/logo-tennis/1404_j-belgraver.jpg,7
12128381,2026-05-19,French Open,Clay,ATP French Open - Quarter-finals,H. Mayot,T. Barrios Vera,4.8,1.16,H. Mayot,T. Barrios Vera,French Open,https://api.api-tennis.com/logo-tennis/1189_h-mayot.jpg,https://api.api-tennis.com/logo-tennis/396_t-barrios.jpg,7
12128388,2026-05-19,French Open,Clay,ATP French Open - Quarter-finals,H. Rocha,Z. Piros,1.85,1.87,H. Rocha,Z. Piros,French Open,https://api.api-tennis.com/logo-tennis/827_h-rocha.jpg,https://api.api-tennis.com/logo-tennis/367_z-piros.jpg,7
12128426,2026-05-19,French Open,Clay,WTA French Open - Quarter-finals,H. Tan,K. K. Thandi,,,H. Tan,K. K. Thandi,French Open,https://api.api-tennis.com/logo-tennis/1156_h-tan.jpg,,
12128402,2026-05-19,French Open,Clay,WTA French Open - Quarter-finals,I. Burillo Escorihuela,V. Tomova,3.79,1.22,I. Burillo Escorihuela,V. Tomova,French Open,https://api.api-tennis.com/logo-tennis/1907_i-burillo-escorihuela.jpg,https://api.api-tennis.com/logo-tennis/499_v-tomova.jpg,7
12128368,2026-05-19,French Open,Clay,ATP French Open - Quarter-finals,J. Choinski,A. Andrade,1.42,2.75,J. Choinski,A. Andrade,French Open,https://api.api-tennis.com/logo-tennis/5979_j-choinski.jpg,https://api.api-tennis.com/logo-tennis/6505_a-andrade.jpg,5
12128372,2026-05-19,French Open,Clay,ATP French Open - Quarter-finals,J. Faria,G. Dimitrov,1.7349999999999999,2.04,J. Faria,G. Dimitrov,French Open,https://api.api-tennis.com/logo-tennis/824_j-faria.jpg,https://api.api-tennis.com/logo-tennis/2384_g-dimitrov.jpg,8
12128393,2026-05-19,French Open,Clay,ATP French Open - Quarter-finals,J. J. Schwaerzler,C. Chidekh,1.4249999999999998,2.72,J. J. Schwaerzler,C. Chidekh,French Open,https://api.api-tennis.com/logo-tennis/32558_j-j-schwarzler.jpg,https://api.api-tennis.com/logo-tennis/7102_c-chidekh.jpg,6
12128378,2026-05-19,French Open,Clay,ATP French Open - Quarter-finals,J. Kym,T. Gentzsch,1.865,1.865,J. Kym,T. Gentzsch,French Open,https://api.api-tennis.com/logo-tennis/1304_j-kym.jpg,https://api.api-tennis.com/logo-tennis/2501_t-gentzsch.jpg,6
12128382,2026-05-19,French Open,Clay,ATP French Open - Quarter-finals,J. McCabe,Z. Kolar,7.5,1.07,J. McCabe,Z. Kolar,French Open,https://api.api-tennis.com/logo-tennis/1882_j-mccabe.jpg,https://api.api-tennis.com/logo-tennis/384_z-kolar.jpg,7
12128419,2026-05-19,French Open,Clay,WTA French Open - Quarter-finals,J. Ponchet,P. Hon,1.36,2.88,J. Ponchet,P. Hon,French Open,https://api.api-tennis.com/logo-tennis/472_j-ponchet.jpg,https://api.api-tennis.com/logo-tennis/467_p-hon.jpg,6
12128420,2026-05-19,French Open,Clay,WTA French Open - Quarter-finals,J. Riera,L. Samson,1.91,1.82,J. Riera,L. Samson,French Open,https://api.api-tennis.com/logo-tennis/2281_j-riera.jpg,https://api.api-tennis.com/logo-tennis/2815_l-samsonova.jpg,5
12128390,2026-05-19,French Open,Clay,ATP French Open - Quarter-finals,J. Rodionov,D. Lajovic,2.75,1.4,J. Rodionov,D. Lajovic,French Open,https://api.api-tennis.com/logo-tennis/416_j-rodionov.jpg,https://api.api-tennis.com/logo-tennis/2675_d-lajovic.jpg,7
12128427,2026-05-19,French Open,Clay,WTA French Open - Quarter-finals,J. Vandromme,A. Ito,1.15,5.05,J. Vandromme,A. Ito,French Open,https://api.api-tennis.com/logo-tennis/73460_j-vandromme.jpg,https://api.api-tennis.com/logo-tennis/13618_a-ito.jpg,6
12128406,2026-05-19,French Open,Clay,WTA French Open - Quarter-finals,K. Juvan,A. Siskova,1.435,2.705,K. Juvan,A. Siskova,French Open,https://api.api-tennis.com/logo-tennis/519_k-juvan.jpg,https://api.api-tennis.com/logo-tennis/218_a-siskova.jpg,6
12128414,2026-05-19,French Open,Clay,WTA French Open - Quarter-finals,K. Mladenovic,Xiy. Wang,6.8,1.0950000000000002,K. Mladenovic,Xiy. Wang,French Open,https://api.api-tennis.com/logo-tennis/514_k-mladenovic.jpg,https://api.api-tennis.com/logo-tennis/463_xiy-wang.jpg,6
12128421,2026-05-19,French Open,Clay,WTA French Open - Quarter-finals,K. Sebov,V. Hruncakova,1.86,1.87,K. Sebov,V. Hruncakova,French Open,https://api.api-tennis.com/logo-tennis/6701_k-sebov.jpg,https://api.api-tennis.com/logo-tennis/50406_v-hruncakova.jpg,5
12128429,2026-05-19,French Open,Clay,WTA French Open - Quarter-finals,K. Zavatska,C. Zhao,1.1150000000000002,6.0,K. Zavatska,C. Zhao,French Open,https://api.api-tennis.com/logo-tennis/480_k-zavatska.jpg,https://api.api-tennis.com/logo-tennis/1822_c-zhao.jpg,6
12128366,2026-05-19,French Open,Clay,ATP French Open - Quarter-finals,L. Broady,G. Cadenasso,2.815,1.395,L. Broady,G. Cadenasso,French Open,https://api.api-tennis.com/logo-tennis/410_l-broady.jpg,https://api.api-tennis.com/logo-tennis/38798_g-cadenasso.jpg,6
12128401,2026-05-19,French Open,Clay,WTA French Open - Quarter-finals,L. Bronzetti,V. Lepchenko,1.395,2.825,L. Bronzetti,V. Lepchenko,French Open,https://api.api-tennis.com/logo-tennis/516_l-bronzetti.jpg,https://api.api-tennis.com/logo-tennis/2765_v-lepchenko.jpg,6
12128403,2026-05-19,French Open,Clay,WTA French Open - Quarter-finals,L. Fruhvirtova,L. Havlickova,2.07,1.7,L. Fruhvirtova,L. Havlickova,French Open,https://api.api-tennis.com/logo-tennis/446_l-fruhvirtova.jpg,https://api.api-tennis.com/logo-tennis/8975_l-havlickova.jpg,6
12128404,2026-05-19,French Open,Clay,WTA French Open - Quarter-finals,L. Giovannini,E. Guerrero Alvarez,1.1949999999999998,4.359999999999999,L. Giovannini,E. Guerrero Alvarez,French Open,https://api.api-tennis.com/logo-tennis/21359_l-giovannini.jpg,https://api.api-tennis.com/logo-tennis/5342_e-guerrero-alvarez.jpg,6
12128374,2026-05-19,French Open,Clay,ATP French Open - Quarter-finals,L. Giustino,K. Jacquet,2.84,1.395,L. Giustino,K. Jacquet,French Open,https://api.api-tennis.com/logo-tennis/370_l-giustino.jpg,https://api.api-tennis.com/logo-tennis/1335_k-jacquet.jpg,6
12128383,2026-05-19,French Open,Clay,ATP French Open - Quarter-finals,L. Midon,R. Carballes Baena,2.6950000000000003,1.435,L. Midon,R. Carballes Baena,French Open,https://api.api-tennis.com/logo-tennis/10018_l-midon.jpg,https://api.api-tennis.com/logo-tennis/593_r-carballes-baena.jpg,6
12128387,2026-05-19,French Open,Clay,ATP French Open - Quarter-finals,L. Pavlovic,H. Wendelken,1.45,2.625,L. Pavlovic,H. Wendelken,French Open,https://api.api-tennis.com/logo-tennis/2103_l-pavlovic.jpg,https://api.api-tennis.com/logo-tennis/7009_h-wendelken.jpg,6
12128418,2026-05-19,French Open,Clay,WTA French Open - Quarter-finals,L. Pigossi,C. Liu,4.59,1.1749999999999998,L. Pigossi,C. Liu,French Open,https://api.api-tennis.com/logo-tennis/1125_l-pigossi.jpg,https://api.api-tennis.com/logo-tennis/509_c-liu.jpg,6
12128424,2026-05-19,French Open,Clay,WTA French Open - Quarter-finals,L. Stefanini,A. Charaeva,5.0,1.15,L. Stefanini,A. Charaeva,French Open,https://api.api-tennis.com/logo-tennis/1113_l-stefanini.jpg,https://api.api-tennis.com/logo-tennis/13421_a-charaeva.jpg,6
12128425,2026-05-19,French Open,Clay,WTA French Open - Quarter-finals,L. Sun,Y. Ma,,,L. Sun,Y. Ma,French Open,https://api.api-tennis.com/logo-tennis/1815_l-sun.jpg,https://api.api-tennis.com/logo-tennis/126_y-ma.jpg,
12128370,2026-05-19,French Open,Clay,ATP French Open - Quarter-finals,M. Dodig,Y. Zhou,1.11,5.95,M. Dodig,Y. Zhou,French Open,https://api.api-tennis.com/logo-tennis/28615_m-dodig.jpg,https://api.api-tennis.com/logo-tennis/39862_y-zhou.jpg,7
12128379,2026-05-19,French Open,Clay,ATP French Open - Quarter-finals,M. Lajal,R. Safiullin,5.4,1.13,M. Lajal,R. Safiullin,French Open,https://api.api-tennis.com/logo-tennis/731_m-lajal.jpg,https://api.api-tennis.com/logo-tennis/1057_r-safiullin.jpg,7
12128400,2026-05-19,French Open,Clay,WTA French Open - Quarter-finals,N. Brancaccio,K. Quevedo,3.3099999999999996,1.3,N. Brancaccio,K. Quevedo,French Open,https://api.api-tennis.com/logo-tennis/222_n-brancaccio.jpg,https://api.api-tennis.com/logo-tennis/13647_k-quevedo.jpg,6
12128367,2026-05-19,French Open,Clay,ATP French Open - Quarter-finals,N. Budkov Kjaer,G. A. Bailly,,,N. Budkov Kjaer,G. A. Bailly,French Open,https://api.api-tennis.com/logo-tennis/55163_n-budkov-kjaer.jpg,,
12128373,2026-05-19,French Open,Clay,ATP French Open - Quarter-finals,N. Fatic,L. Mikrut,1.92,1.81,N. Fatic,L. Mikrut,French Open,https://api.api-tennis.com/logo-tennis/1904_n-fatic.jpg,https://api.api-tennis.com/logo-tennis/938_l-mikrut.jpg,8
12128377,2026-05-19,French Open,Clay,ATP French Open - Quarter-finals,P. Herbert,K. Uchida,1.14,5.2,P. Herbert,K. Uchida,French Open,https://api.api-tennis.com/logo-tennis/1748_p-herbert.jpg,https://api.api-tennis.com/logo-tennis/568_k-uchida.jpg,7
12128410,2026-05-19,French Open,Clay,WTA French Open - Quarter-finals,P. Kudermetova,A. Koevermans,1.44,2.6550000000000002,P. Kudermetova,A. Koevermans,French Open,https://api.api-tennis.com/logo-tennis/9259_p-kudermetova.jpg,https://api.api-tennis.com/logo-tennis/13375_a-koevermans.jpg,6
12128413,2026-05-19,French Open,Clay,WTA French Open - Quarter-finals,R. Masarova,M. L. Carle,1.185,4.385,R. Masarova,M. L. Carle,French Open,https://api.api-tennis.com/logo-tennis/1132_r-masarova.jpg,https://api.api-tennis.com/logo-tennis/187_m-l-carle.jpg,6
12128416,2026-05-19,French Open,Clay,WTA French Open - Quarter-finals,R. Montgomery,M. Inglis,1.22,3.79,R. Montgomery,M. Inglis,French Open,https://api.api-tennis.com/logo-tennis/2123_r-montgomery.jpg,https://api.api-tennis.com/logo-tennis/1788_m-inglis.jpg,5
12128391,2026-05-19,French Open,Clay,ATP French Open - Quarter-finals,R. Sakamoto,P. Martinez,1.58,2.26,R. Sakamoto,P. Martinez,French Open,https://api.api-tennis.com/logo-tennis/37897_r-sakamoto.jpg,https://api.api-tennis.com/logo-tennis/1775_p-martinez.jpg,7
12128423,2026-05-19,French Open,Clay,WTA French Open - Quarter-finals,R. Sramkova,K. Cross,1.17,4.7,R. Sramkova,K. Cross,French Open,https://api.api-tennis.com/logo-tennis/449_r-sramkova.jpg,https://api.api-tennis.com/logo-tennis/6700_k-cross.jpg,5
12128369,2026-05-19,French Open,Clay,ATP French Open - Quarter-finals,S. Cuenin,H. Dellien,3.75,1.25,S. Cuenin,H. Dellien,French Open,https://api.api-tennis.com/logo-tennis/382_s-cuenin.jpg,https://api.api-tennis.com/logo-tennis/2980_h-dellien.jpg,7
12128407,2026-05-19,French Open,Clay,WTA French Open - Quarter-finals,T. Kokkinis,S. Hunter,5.35,1.13,T. Kokkinis,S. Hunter,French Open,https://api.api-tennis.com/logo-tennis/63057_t-kokkinis.jpg,https://api.api-tennis.com/logo-tennis/1783_s-sanders.jpg,6
12128408,2026-05-19,French Open,Clay,WTA French Open - Quarter-finals,T. Kostovic,E. Mandlik,1.5,2.49,T. Kostovic,E. Mandlik,French Open,https://api.api-tennis.com/logo-tennis/52707_t-kostovic.jpg,https://api.api-tennis.com/logo-tennis/209_e-mandlik.jpg,6
12128392,2026-05-19,French Open,Clay,ATP French Open - Quarter-finals,T. Schoolkate,K. Coppejans,2.85,1.4,T. Schoolkate,K. Coppejans,French Open,https://api.api-tennis.com/logo-tennis/1183_t-schoolkate.jpg,https://api.api-tennis.com/logo-tennis/1205_k-coppejans.jpg,7
12128394,2026-05-19,French Open,Clay,ATP French Open - Quarter-finals,T. Seyboth Wild,Y. H. Hsu,1.29,3.42,T. Seyboth Wild,Y. H. Hsu,French Open,https://api.api-tennis.com/logo-tennis/1086_t-seyboth-wild.jpg,https://api.api-tennis.com/logo-tennis/867_h-hsu-yu.jpg,7
12128411,2026-05-19,French Open,Clay,WTA French Open - Quarter-finals,Y. Ku,Ka. Pliskova,,,Y. Ku,Ka. Pliskova,French Open,https://api.api-tennis.com/logo-tennis/9407_y-ku.jpg,https://api.api-tennis.com/logo-tennis/517_ka-pliskova.jpg,
12127987,2026-05-19,Geneva,Clay,ATP Geneva - 1/16-finals,A. Mannarino,R. Collignon,8.2,1.07,A. Mannarino,R. Collignon,Geneva,https://api.api-tennis.com/logo-tennis/438_a-mannarino.jpg,https://api.api-tennis.com/logo-tennis/825_r-collignon.jpg,10
12128253,2026-05-19,Geneva,Clay,ATP Geneva - 1/16-finals,A. Popyrin,C. Tabur,1.36,3.1,A. Popyrin,C. Tabur,Geneva,https://api.api-tennis.com/logo-tennis/1926_al-popyrin.jpg,https://api.api-tennis.com/logo-tennis/1762_c-tabur.jpg,9
12128059,2026-05-19,Geneva,Clay,ATP Geneva - 1/8-finals,Behar/ Pavic,Arends/ Pel,,,Behar/ Pavic,Arends/ Pel,Geneva,,,
12128056,2026-05-19,Geneva,Clay,ATP Geneva - 1/8-finals,Frantzen/ Haase,Tsitsipas/ Tsitsipas,,,Frantzen/ Haase,Tsitsipas/ Tsitsipas,Geneva,,,
12127985,2026-05-19,Geneva,Clay,ATP Geneva - 1/16-finals,J. Brooksby,C. Ruud,5.7,1.14,J. Brooksby,C. Ruud,Geneva,https://api.api-tennis.com/logo-tennis/2169_j-brooksby.jpg,https://api.api-tennis.com/logo-tennis/430_c-ruud.jpg,9
12128057,2026-05-19,Geneva,Clay,ATP Geneva - 1/8-finals,Krajicek/ Mektic,Kirkov/ Stevens,,,Krajicek/ Mektic,Kirkov/ Stevens,Geneva,,,
12127986,2026-05-19,Geneva,Clay,ATP Geneva - 1/16-finals,L. Djere,J. M. Cerundolo,2.0,1.81,L. Djere,J. M. Cerundolo,Geneva,https://api.api-tennis.com/logo-tennis/2386_l-djere.jpg,https://api.api-tennis.com/logo-tennis/388_j-m-cerundolo.jpg,10
12128254,2026-05-19,Geneva,Clay,ATP Geneva - 1/16-finals,N. Basavareddy,J. Munar,2.75,1.43,N. Basavareddy,J. Munar,Geneva,https://api.api-tennis.com/logo-tennis/15270_n-basavareddy.jpg,https://api.api-tennis.com/logo-tennis/2083_j-munar.jpg,9
12128061,2026-05-19,Geneva,Clay,ATP Geneva - 1/8-finals,Paul/ Stricker,Galloway/ Peers,,,Paul/ Stricker,Galloway/ Peers,Geneva,,,
12128189,2026-05-19,Hamburg,Clay,ATP Hamburg - 1/8-finals,Andreozzi/ Guinard,Atmane/ Etcheverry,,,Andreozzi/ Guinard,Atmane/ Etcheverry,Hamburg,,,
12128192,2026-05-19,Hamburg,Clay,ATP Hamburg - 1/8-finals,Arribage/ Olivetti,Jebens/ Ruehl,,,Arribage/ Olivetti,Jebens/ Ruehl,Hamburg,,,
12128195,2026-05-19,Hamburg,Clay,ATP Hamburg - 1/8-finals,Cabral/ Salisbury,Schnaitter/ Wallner,,,Cabral/ Salisbury,Schnaitter/ Wallner,Hamburg,,,
12128194,2026-05-19,Hamburg,Clay,ATP Hamburg - 1/8-finals,Doumbia/ Reboul,Bolelli/ Vavassori,,,Doumbia/ Reboul,Bolelli/ Vavassori,Hamburg,,,
12128191,2026-05-19,Hamburg,Clay,ATP Hamburg - 1/8-finals,Erler/ Miedler,Goransson/ King,,,Erler/ Miedler,Goransson/ King,Hamburg,,,
12128044,2026-05-19,Hamburg,Clay,ATP Hamburg - 1/16-finals,F. Auger-Aliassime,V. Kopriva,1.3849999999999998,2.99,F. Auger-Aliassime,V. Kopriva,Hamburg,https://api.api-tennis.com/logo-tennis/2073_f-auger-aliassime.jpg,https://api.api-tennis.com/logo-tennis/1083_v-kopriva.jpg,10
12128243,2026-05-19,Hamburg,Clay,ATP Hamburg - 1/16-finals,F. Cobolli,I. Buse,1.57,2.37,F. Cobolli,I. Buse,Hamburg,https://api.api-tennis.com/logo-tennis/372_f-cobolli.jpg,https://api.api-tennis.com/logo-tennis/9514_i-buse.jpg,7
12128049,2026-05-19,Hamburg,Clay,ATP Hamburg - 1/16-finals,J. Engel,U. Humbert,3.59,1.295,J. Engel,U. Humbert,Hamburg,https://api.api-tennis.com/logo-tennis/55060_j-engel.jpg,https://api.api-tennis.com/logo-tennis/1105_u-humbert.jpg,10
12128193,2026-05-19,Hamburg,Clay,ATP Hamburg - 1/8-finals,Krawietz/ Puetz,Nys/ Roger-Vasselin,,,Krawietz/ Puetz,Nys/ Roger-Vasselin,Hamburg,,,
12128046,2026-05-19,Hamburg,Clay,ATP Hamburg - 1/16-finals,L. Darderi,R. A. Burruchaga,1.475,2.6799999999999997,L. Darderi,R. A. Burruchaga,Hamburg,https://api.api-tennis.com/logo-tennis/8781_l-darderi.jpg,https://api.api-tennis.com/logo-tennis/9596_r-a-burruchaga.jpg,10
12128190,2026-05-19,Hamburg,Clay,ATP Hamburg - 1/8-finals,Luz/ Matos,Harrison/ Skupski,,,Luz/ Matos,Harrison/ Skupski,Hamburg,,,
12128051,2026-05-19,Hamburg,Clay,ATP Hamburg - 1/16-finals,M. Kecmanovic,K. Khachanov,2.115,1.72,M. Kecmanovic,K. Khachanov,Hamburg,https://api.api-tennis.com/logo-tennis/2848_m-kecmanovic.jpg,https://api.api-tennis.com/logo-tennis/435_k-khachanov.jpg,10
12128244,2026-05-19,Hamburg,Clay,ATP Hamburg - 1/16-finals,Z. Bergs,A. Gea,1.53,2.475,Z. Bergs,A. Gea,Hamburg,https://api.api-tennis.com/logo-tennis/1064_z-bergs.jpg,https://api.api-tennis.com/logo-tennis/9210_a-gea.jpg,8
12128231,2026-05-19,Istanbul (Turkey),Hard,Istanbul - 1/8-finals,Barton/ Vrbensky,Jecan/ Pavel,,,Barton/ Vrbensky,Jecan/ Pavel,Istanbul (Turkey),,,
12128226,2026-05-19,Istanbul (Turkey),Hard,Istanbul - 1/8-finals,Chandrasekar/ Lammons,Britto/ Saraiva Dos Santos,,,Chandrasekar/ Lammons,Britto/ Saraiva Dos Santos,Istanbul (Turkey),,,
12128227,2026-05-19,Istanbul (Turkey),Hard,Istanbul - 1/8-finals,Duda/ Latinovic,Ingildsen/ Paris,,,Duda/ Latinovic,Ingildsen/ Paris,Istanbul (Turkey),,,
12128233,2026-05-19,Istanbul (Turkey),Hard,Istanbul - 1/8-finals,Goldhoff/ Winegar,Dutra Da Silva/ Pokorny,,,Goldhoff/ Winegar,Dutra Da Silva/ Pokorny,Istanbul (Turkey),,,
12128229,2026-05-19,Istanbul (Turkey),Hard,Istanbul - 1/8-finals,Kirkin/ Sharipov,Prashanth/ Ramanathan,,,Kirkin/ Sharipov,Prashanth/ Ramanathan,Istanbul (Turkey),,,
12128232,2026-05-19,Istanbul (Turkey),Hard,Istanbul - 1/8-finals,Martos Gornes/ Walkow,Ayeni/ Cook,,,Martos Gornes/ Walkow,Ayeni/ Cook,Istanbul (Turkey),,,
12128228,2026-05-19,Istanbul (Turkey),Hard,Istanbul - 1/8-finals,Nam Ji/ Niklas-Salminen,Banthia/ Kielan,,,Nam Ji/ Niklas-Salminen,Banthia/ Kielan,Istanbul (Turkey),,,
12128230,2026-05-19,Istanbul (Turkey),Hard,Istanbul - 1/8-finals,Ozdemir/ Turker,Cervantes/ Molchanov,,,Ozdemir/ Turker,Cervantes/ Molchanov,Istanbul (Turkey),,,
12128187,2026-05-19,Istanbul (Turkey) - Qualification,Hard,Istanbul - 1/16-finals,A. Nedic,S. Fomin,1.29,3.27,A. Nedic,S. Fomin,Istanbul (Turkey) - Qualification,https://api.api-tennis.com/logo-tennis/9640_-a-nedic.jpg,https://api.api-tennis.com/logo-tennis/570_s-fomin.jpg,5
12128180,2026-05-19,Istanbul (Turkey) - Qualification,Hard,Istanbul - 1/16-finals,B. Hassan,F. C. Jianu,2.47,1.5,B. Hassan,F. C. Jianu,Istanbul (Turkey) - Qualification,https://api.api-tennis.com/logo-tennis/1896_b-hassan.jpg,https://api.api-tennis.com/logo-tennis/576_f-c-jianu.jpg,7
12128181,2026-05-19,Istanbul (Turkey) - Qualification,Hard,Istanbul - 1/16-finals,D. Kuzmanov,D. Rincon,2.19,1.62,D. Kuzmanov,D. Rincon,Istanbul (Turkey) - Qualification,https://api.api-tennis.com/logo-tennis/371_d-kuzmanov.jpg,https://api.api-tennis.com/logo-tennis/657_d-rincon.jpg,5
12128185,2026-05-19,Istanbul (Turkey) - Qualification,Hard,Istanbul - 1/16-finals,T. Monteiro,I. Montes-De La Torre,,,T. Monteiro,I. Montes-De La Torre,Istanbul (Turkey) - Qualification,https://api.api-tennis.com/logo-tennis/1074_t-monteiro.jpg,https://api.api-tennis.com/logo-tennis/10232_i-montes-de-la-torre.jpg,
12128443,2026-05-19,M25 Kutaisi 2 (Georgia),Hard,M25 Kutaisi 2 - 1/16-finals,D. Ostapenkov,N. Bidzinashvili,,,D. Ostapenkov,N. Bidzinashvili,M25 Kutaisi 2 (Georgia),https://api.api-tennis.com/logo-tennis/13986_d-ostapenkov.jpg,,
12128444,2026-05-19,M25 Kutaisi 2 (Georgia),Hard,M25 Kutaisi 2 - 1/16-finals,D. Sarksian,S. Purtseladze,4.33,1.2,D. Sarksian,S. Purtseladze,M25 Kutaisi 2 (Georgia),https://api.api-tennis.com/logo-tennis/40236_d-sarksian.jpg,https://api.api-tennis.com/logo-tennis/1202_s-purtseladze.jpg,1
12128440,2026-05-19,M25 Kutaisi 2 (Georgia),Hard,M25 Kutaisi 2 - 1/16-finals,J. Echeverria,V. Ursu,1.44,2.62,J. Echeverria,V. Ursu,M25 Kutaisi 2 (Georgia),https://api.api-tennis.com/logo-tennis/1328_j-echeverria.jpg,https://api.api-tennis.com/logo-tennis/7269_v-ursu.jpg,1
12128442,2026-05-19,M25 Kutaisi 2 (Georgia),Hard,M25 Kutaisi 2 - 1/16-finals,P. Martinez Gomez,M. Shin,1.255,3.42,P. Martinez Gomez,M. Shin,M25 Kutaisi 2 (Georgia),https://api.api-tennis.com/logo-tennis/49886_p-martinez-gomez.jpg,https://api.api-tennis.com/logo-tennis/37966_m-shin.jpg,2
12128441,2026-05-19,M25 Kutaisi 2 (Georgia),Hard,M25 Kutaisi 2 - 1/16-finals,R. Jaisinghani,P. Brady,16.675,1.01,R. Jaisinghani,P. Brady,M25 Kutaisi 2 (Georgia),https://api.api-tennis.com/logo-tennis/38050_r-jaisinghani.jpg,https://api.api-tennis.com/logo-tennis/9371_p-brady.jpg,2
12128211,2026-05-19,Rabat,Hard,WTA Rabat - 1/8-finals,Aoyama/ Liang,Feng/ Tang,,,Aoyama/ Liang,Feng/ Tang,Rabat,,,
12128099,2026-05-19,Rabat,Hard,WTA Rabat - 1/16-finals,D. El Jardi,T. Maria,14.5,1.02,D. El Jardi,T. Maria,Rabat,https://api.api-tennis.com/logo-tennis/64804_d-el-jardi.jpg,https://api.api-tennis.com/logo-tennis/2414_t-maria.jpg,8
12128100,2026-05-19,Rabat,Hard,WTA Rabat - 1/16-finals,E. Arango,E. Seidel,2.12,1.725,E. Arango,E. Seidel,Rabat,https://api.api-tennis.com/logo-tennis/1802_e-arango.jpg,https://api.api-tennis.com/logo-tennis/2415_e-seidel.jpg,10
12128097,2026-05-19,Rabat,Hard,WTA Rabat - 1/16-finals,F. Jones,Y. Kotliar,1.0750000000000002,8.0,F. Jones,Y. Kotliar,Rabat,https://api.api-tennis.com/logo-tennis/2991_f-jones.jpg,https://api.api-tennis.com/logo-tennis/38883_y-kotliar.jpg,10
12128430,2026-05-19,Rabat,Hard,WTA Rabat - 1/16-finals,J. Tjen,C. W. Hennemann,,,J. Tjen,C. W. Hennemann,Rabat,https://api.api-tennis.com/logo-tennis/28551_j-tjen.jpg,https://api.api-tennis.com/logo-tennis/162_c-w-hennemann.jpg,
12128213,2026-05-19,Rabat,Hard,WTA Rabat - 1/8-finals,Karamoko/ Marcinko,Kichenok/ Ninomiya,,,Karamoko/ Marcinko,Kichenok/ Ninomiya,Rabat,,,
12128431,2026-05-19,Rabat,Hard,WTA Rabat - 1/16-finals,L. Zaar,J. Bouzas Maneiro,3.74,1.28,L. Zaar,J. Bouzas Maneiro,Rabat,https://api.api-tennis.com/logo-tennis/12814_l-zaar.jpg,https://api.api-tennis.com/logo-tennis/154_j-bouzas-maneiro.jpg,9
12128094,2026-05-19,Rabat,Hard,WTA Rabat - 1/16-finals,S. Nahimana,A. Tomljanovic,3.975,1.25,S. Nahimana,A. Tomljanovic,Rabat,https://api.api-tennis.com/logo-tennis/1988_s-nahimana.jpg,https://api.api-tennis.com/logo-tennis/1146_a-tomljanovic.jpg,10
12128217,2026-05-19,Rabat,Hard,WTA Rabat - 1/8-finals,Sutjiadi/ Zvonareva,Fossa Huergo/ Kulambayeva,,,Sutjiadi/ Zvonareva,Fossa Huergo/ Kulambayeva,Rabat,,,
12128095,2026-05-19,Rabat,Hard,WTA Rabat - 1/16-finals,T. Martincova,C. Osorio,4.56,1.2,T. Martincova,C. Osorio,Rabat,https://api.api-tennis.com/logo-tennis/1149_t-martincova.jpg,https://api.api-tennis.com/logo-tennis/2390_m-c-osorio-serrano.jpg,10
12128096,2026-05-19,Rabat,Hard,WTA Rabat - 1/16-finals,Y. Kabbaj,B. Cengiz,2.7350000000000003,1.4449999999999998,Y. Kabbaj,B. Cengiz,Rabat,https://api.api-tennis.com/logo-tennis/37878_y-kabbaj.jpg,https://api.api-tennis.com/logo-tennis/1241_b-cengiz.jpg,10
12128092,2026-05-19,Rabat,Hard,WTA Rabat - 1/16-finals,Y. Starodubtseva,A. Fita Boluda,1.21,4.365,Y. Starodubtseva,A. Fita Boluda,Rabat,https://api.api-tennis.com/logo-tennis/50398_y-starodubtseva.jpg,https://api.api-tennis.com/logo-tennis/159_a-fita-boluda.jpg,8
12128075,2026-05-19,Strasbourg,Hard,WTA Strasbourg - 1/16-finals,D. Parry,E. Raducanu,2.09,1.74,D. Parry,E. Raducanu,Strasbourg,https://api.api-tennis.com/logo-tennis/1833_d-parry.jpg,https://api.api-tennis.com/logo-tennis/2996_e-raducanu.jpg,8
12127994,2026-05-19,Strasbourg,Hard,WTA Strasbourg - 1/8-finals,Kichenok/ Krawczyk,Mihalikova/ Nicholls,,,Kichenok/ Krawczyk,Mihalikova/ Nicholls,Strasbourg,,,
12127995,2026-05-19,Strasbourg,Hard,WTA Strasbourg - 1/8-finals,Kozyreva/ Panova,Bucsa/ Melichar-Martinez,,,Kozyreva/ Panova,Bucsa/ Melichar-Martinez,Strasbourg,,,
12128076,2026-05-19,Strasbourg,Hard,WTA Strasbourg - 1/16-finals,M. Keys,C. Bucsa,1.255,3.925,M. Keys,C. Bucsa,Strasbourg,https://api.api-tennis.com/logo-tennis/2692_m-keys.jpg,https://api.api-tennis.com/logo-tennis/454_c-bucsa.jpg,8
12128451,2026-05-19,W35 Klagenfurt,Hard,W35 Klagenfurt - 1/8-finals,Gettwart/ Van Emst,Casari/ Stor,,,Gettwart/ Van Emst,Casari/ Stor,W35 Klagenfurt,,,
12128448,2026-05-19,W75 Kosice (Slovakia),Hard,W75 Kosice - 1/16-finals,A. Mintegi Del Olmo,M. Tona,1.12,5.5,A. Mintegi Del Olmo,M. Tona,W75 Kosice (Slovakia),https://api.api-tennis.com/logo-tennis/9267_a-mintegi-del-olmo.jpg,https://api.api-tennis.com/logo-tennis/22868_m-tona.jpg,2
12128452,2026-05-19,W75 Kosice (Slovakia),Hard,W75 Kosice - 1/8-finals,Barhacova/ Farkasova,Adeshina/ Barnett,,,Barhacova/ Farkasova,Adeshina/ Barnett,W75 Kosice (Slovakia),,,
12128445,2026-05-19,W75 Kosice (Slovakia),Hard,W75 Kosice - 1/16-finals,C. Buyukakcay,A. Sobolieva,3.3899999999999997,1.3050000000000002,C. Buyukakcay,A. Sobolieva,W75 Kosice (Slovakia),https://api.api-tennis.com/logo-tennis/2988_c-buyukakcay.jpg,https://api.api-tennis.com/logo-tennis/13987_a-soboleva.jpg,2
12128453,2026-05-19,W75 Kosice (Slovakia),Hard,W75 Kosice - 1/8-finals,Ciric Bagaric/ Strakhova,Nguyen Tan/ Otzipka,,,Ciric Bagaric/ Strakhova,Nguyen Tan/ Otzipka,W75 Kosice (Slovakia),,,
12128449,2026-05-19,W75 Kosice (Slovakia),Hard,W75 Kosice - 1/16-finals,K. Rinaldo Persson,A. Vrancken Peeters,1.4249999999999998,2.56,K. Rinaldo Persson,A. Vrancken Peeters,W75 Kosice (Slovakia),https://api.api-tennis.com/logo-tennis/2592_k-rinaldo-persson.jpg,https://api.api-tennis.com/logo-tennis/2250_p-a-vrancken.jpg,2
12128447,2026-05-19,W75 Kosice (Slovakia),Hard,W75 Kosice - 1/16-finals,M. Hodzic,E. Andreeva,4.484999999999999,1.17,M. Hodzic,E. Andreeva,W75 Kosice (Slovakia),https://api.api-tennis.com/logo-tennis/147_m-hodzic.jpg,https://api.api-tennis.com/logo-tennis/1958_e-andreeva.jpg,2
12128450,2026-05-19,W75 Kosice (Slovakia),Hard,W75 Kosice - 1/16-finals,R. Zelnickova,V. Wolff,3.785,1.21,R. Zelnickova,V. Wolff,W75 Kosice (Slovakia),https://api.api-tennis.com/logo-tennis/1363_r-zelnickova.jpg,https://api.api-tennis.com/logo-tennis/13506_v-wolff.jpg,2
12128454,2026-05-19,W75 Kosice (Slovakia),Hard,W75 Kosice - 1/8-finals,Sobolieva/ Supova,Bakhmutkina/ Ovcharenko,,,Sobolieva/ Supova,Bakhmutkina/ Ovcharenko,W75 Kosice (Slovakia),,,
12128446,2026-05-19,W75 Kosice (Slovakia),Hard,W75 Kosice - 1/16-finals,T. C. Grant,V. Strakhova,1.07,7.5,T. C. Grant,V. Strakhova,W75 Kosice (Slovakia),,https://api.api-tennis.com/logo-tennis/148_v-strakhova.jpg,2
12128252,2026-05-20,Geneva,Clay,ATP Geneva - 1/8-finals,C. Norrie,M. Navone,,,C. Norrie,M. Navone,Geneva,https://api.api-tennis.com/logo-tennis/1103_c-norrie.jpg,https://api.api-tennis.com/logo-tennis/949_m-navone.jpg,
12128234,2026-05-20,Strasbourg,Hard,WTA Strasbourg - 1/8-finals,A. Li,E. Alexandrova,,,A. Li,E. Alexandrova,Strasbourg,https://api.api-tennis.com/logo-tennis/2997_a-li.jpg,https://api.api-tennis.com/logo-tennis/2392_e-alexandrova.jpg,
12128246,2026-05-20,Strasbourg,Hard,WTA Strasbourg - 1/8-finals,E. Navarro,I. Jovic,,,E. Navarro,I. Jovic,Strasbourg,https://api.api-tennis.com/logo-tennis/2823_e-navarro.jpg,https://api.api-tennis.com/logo-tennis/58226_i-jovic.jpg,
12128247,2026-05-20,Strasbourg,Hard,WTA Strasbourg - 1/8-finals,V. Mboko,L. Boisson,,,V. Mboko,L. Boisson,Strasbourg,https://api.api-tennis.com/logo-tennis/9527_v-mboko.jpg,https://api.api-tennis.com/logo-tennis/8802_l-boisson.jpg,
12128239,2026-05-21,Strasbourg,Hard,WTA Strasbourg - Quarter-finals,Eikeri/ Gleason,Maleckova/ Skoch,,,Eikeri/ Gleason,Maleckova/ Skoch,Strasbourg,,,
